/*
Navicat MySQL Data Transfer

Source Server         : mysql
Source Server Version : 50721
Source Host           : localhost:3306
Source Database       : stu_man_sys

Target Server Type    : MYSQL
Target Server Version : 50721
File Encoding         : 65001

Date: 2018-04-13 15:21:15
*/

SET FOREIGN_KEY_CHECKS=0;

-- ----------------------------
-- Table structure for admin
-- ----------------------------
DROP TABLE IF EXISTS `admin`;
CREATE TABLE `admin` (
  `id` int(11) NOT NULL AUTO_INCREMENT,
  `username` varchar(100) NOT NULL,
  `password` varchar(100) NOT NULL,
  `email` varchar(100) DEFAULT NULL,
  `assoId` int(11) DEFAULT NULL,
  `lock` int(2) unsigned zerofill DEFAULT NULL,
  PRIMARY KEY (`id`),
  UNIQUE KEY `idx_users_username` (`username`),
  KEY `fk_as_ad` (`assoId`),
  CONSTRAINT `fk_as_ad` FOREIGN KEY (`assoId`) REFERENCES `asso` (`id`) ON DELETE CASCADE ON UPDATE CASCADE
) ENGINE=InnoDB AUTO_INCREMENT=62 DEFAULT CHARSET=utf8;

-- ----------------------------
-- Records of admin
-- ----------------------------
INSERT INTO `admin` VALUES ('23', 'admin', 'admin', '1126@qq.com', null, '01');
INSERT INTO `admin` VALUES ('29', '1111', '1111', '11112@qq.com', '1', null);
INSERT INTO `admin` VALUES ('30', '1112', '1112', '1112@qq.com', '2', null);
INSERT INTO `admin` VALUES ('31', '1113', '1113', '1113@qq.com', '3', null);
INSERT INTO `admin` VALUES ('32', '1114', '1114', '1114@qq.com', '4', null);
INSERT INTO `admin` VALUES ('33', '1115', '1115', '1115@qq.com', '5', null);
INSERT INTO `admin` VALUES ('34', '1116', '1116', '1116@qq.com', '6', null);
INSERT INTO `admin` VALUES ('35', '1117', '1117', '1117@qq.com', '7', null);
INSERT INTO `admin` VALUES ('36', '1118', '1118', '1119@qq.com', '8', null);
INSERT INTO `admin` VALUES ('37', '1119', '1119', '1119@qq.com', '9', null);
INSERT INTO `admin` VALUES ('38', '1120', '1120', '1120@qq.com', '10', null);
INSERT INTO `admin` VALUES ('39', '1121', '1121', '1121@qq.com', '11', null);
INSERT INTO `admin` VALUES ('40', '1122', '1122', '1122@qq.com', '12', null);
INSERT INTO `admin` VALUES ('41', '1123', '1123', '1123@qq.com', '13', null);
INSERT INTO `admin` VALUES ('42', '1124', '1124', '1124@qq.com', '14', null);
INSERT INTO `admin` VALUES ('43', '1125', '1125', '1125@qq.com', '15', null);
INSERT INTO `admin` VALUES ('44', '1126', '1126', '1126@qq.com', '16', null);
INSERT INTO `admin` VALUES ('45', '1127', '1127', '1127@qq.com', '17', null);
INSERT INTO `admin` VALUES ('46', '1128', '1128', '1128@qq.com', '18', null);
INSERT INTO `admin` VALUES ('47', '1129', '1129', '1129@qq.com', '19', null);
INSERT INTO `admin` VALUES ('48', '1130', '1130', '1130@qq.com', '20', null);
INSERT INTO `admin` VALUES ('50', '1131', '1131', '1131@qq.com', '21', null);
INSERT INTO `admin` VALUES ('51', '1132', '1132', '1132@qq.com', '22', null);
INSERT INTO `admin` VALUES ('52', '1133', '1133', '1133@qq,com', '23', null);
INSERT INTO `admin` VALUES ('53', '1134', '1134', '1134@qq.com', '24', null);
INSERT INTO `admin` VALUES ('54', '1135', '1135', '1135@qq.com', '25', null);
INSERT INTO `admin` VALUES ('55', '1136', '1136', ' 1136@qq.com', '26', null);
INSERT INTO `admin` VALUES ('56', '1137', '1137', ' 1137@qq.com', '27', null);
INSERT INTO `admin` VALUES ('57', '1138', '1138', '1138@qq.com', '28', null);
INSERT INTO `admin` VALUES ('58', '1139', '1139', '1139@qq.com', '29', null);
INSERT INTO `admin` VALUES ('59', '1140', '1140', '1140@qq.com', '30', null);
INSERT INTO `admin` VALUES ('61', '1141', '1141', '1141@qq.com', '32', null);

-- ----------------------------
-- Table structure for asso
-- ----------------------------
DROP TABLE IF EXISTS `asso`;
CREATE TABLE `asso` (
  `id` int(11) NOT NULL AUTO_INCREMENT,
  `tname` varchar(30) NOT NULL,
  `description` text,
  `logo` varchar(255) DEFAULT NULL,
  `cid` int(11) DEFAULT NULL,
  PRIMARY KEY (`id`),
  KEY `fk_c` (`cid`),
  CONSTRAINT `fk_c` FOREIGN KEY (`cid`) REFERENCES `category_` (`id`) ON DELETE SET NULL ON UPDATE SET NULL
) ENGINE=InnoDB AUTO_INCREMENT=33 DEFAULT CHARSET=utf8;

-- ----------------------------
-- Records of asso
-- ----------------------------
INSERT INTO `asso` VALUES ('1', '社联', '华南理工大学广州学院学生社团联合会，我们成立于 2008 年 9 月 26 日，一直以“发展学生社团，繁荣校园文化，推进素质教育”为宗旨，坚持“全心全意为社团服务”的理念，对我校学生社团进行服务、管理与监督。下设八大职能部门：办公室、财产物资部、策划组织部、外联部、宣传部、调研部、文字编辑部、美编设计部，力争为我校学生社团营造一个和谐良好的发展环境。迄今，华广学生社团联合会旗下的学生社团数量已达 57 个，并按其性质分为五大类：学习实践类、体育竞技类、社会公益类、学术科技类与文化艺术类，各大社团齐头并进，共同为打造优秀的学生社团氛围而不断发展壮大。其中“缤FUN华年”学生社团主题系列活动更是成为我校规模最大，影响最广，深受我校师生喜爱的活动之一。', '社联.jpg', null);
INSERT INTO `asso` VALUES ('2', 'MDG模联社', '估计很多人对模联都是一脸茫然（这啥玩意？）\r\n简单来说，模拟联合国，是一项社交活动，可以让你学到课本之外的知识，锻炼你的口才和思维能力，让你交到来自各个学校的新朋友，能够玩得开心的活动。\r\n  模联会让你从一次次会议中加强你的责任感、社交能力、领袖能力、大局观、敏捷的思维、优秀的口才能力……甚至是终身的知己以及从课本上永远都学不不到的知识！', '2ec61a01213fb80e46b6b9f935d12f2eb938946c.jpg', '2');
INSERT INTO `asso` VALUES ('3', '榕旭文学社', '榕与旭的融合，正如古老源远的文学艺术与青年的碰撞。你是否愿意腾空而起，化身成灼眼的旭日，将全身的光辉洒向细碎的榕叶？你是否愿意将自己年轻躁动的心灵与文学艺术持续千年的古老脉搏相贴近？加入我们，一道上路吧。', '3.jpg', '3');
INSERT INTO `asso` VALUES ('4', '韩语社', '我们不仅教授一些基础的韩语，还会传授学弟学妹们一些韩国团体的歌/舞哟，更有参加活动表演自家爱豆歌曲的机会^^当然，兴趣部的学姐也会和喜欢韩剧的宝宝讨论热播韩剧哒！', '4.jpg', '4');
INSERT INTO `asso` VALUES ('5', '德语社', '这里是邪魅娟狂高大上的酷炫德语社！我们德语社创立于2015年的招新前夕，是一个年轻但充满朝气的社团！在这个温暖有爱的大家庭里，你可以学习到基础字母、音节、数字、发音规则和日常用语等，足以让你在同学面前小秀一遭√我们也会结合课程讲一些有关德国的动漫，历史，骨科『误』之类的，让课程多元化，还会发放福利的哦『放放德语电影发发小零食什么的啦』！', '5.jpg', '1');
INSERT INTO `asso` VALUES ('6', '星岚文史社', '星，是夜空的明珠；岚，是朦胧的面纱。文史，正如夜空繁星与林间幽雾，悠远神秘而又引人入胜。　这就是我们星岚文史学社。在这里你将拥有展现自己的舞台；在这里你将探索历史的奥秘；在这里你将感受到文史的纵横豪放，也将体验到国学知识竞赛中的龙争虎斗。', '6.jpg', '5');
INSERT INTO `asso` VALUES ('7', 'i7魔术社', '一中i7魔术社成立至今已有十年，无论你之前是否有接触过魔术，只要你对魔术有着向往和兴趣，i7这个大家庭随时都欢迎你的加入。', '7.jpg', '55');
INSERT INTO `asso` VALUES ('8', 'Musiclub ', '“我们闯入未来，但双眼却被太阳蒙蔽。我们每时每刻都在重生，谁也没办法知道下一秒我们将成为什么。束缚我们的锁链终将崩裂，我们将身上的血舔舐而尽，原始的荒蛮与文明如洪荒般冲袭而来。这是我们的声音，耶路撒冷的钟声敲响般的圣洁优雅，在阴霾中刺出一道圣光。', '8.jpg', '2');
INSERT INTO `asso` VALUES ('9', '春华摄影社', '踏过一道白光，迈入一片阴影，我们穿行于光影交织的空间：定格被雨滴晕染的繁花，印刻被岁月泛黄的胶卷。', '9.jpg', '3');
INSERT INTO `asso` VALUES ('10', '翰墨书法社', '翰墨书法社是一个以交流写字技巧为主要活动形式的社团。', '10.jpg', '4');
INSERT INTO `asso` VALUES ('11', '芝星电影社', '芝星电影社是一个让广大爱好电影的同学们展示自我和相互交流的社团。同学们可以在这里感受到电影所带来的魅力，并且有机会亲身参与进微电影的制作中，更加真切地体会到电影对我们的意义。', '11.jpg', '5');
INSERT INTO `asso` VALUES ('12', 'F.F.F吉他社', '我们是F.F.F.吉他社\r\nFascinating，Felicitous，Faithful，即迷人的，灵巧的，忠诚的，这是我们吉他社的宗旨\r\n我们一直在寻找，寻找一些人，一些和我们志趣相投的人。', '12.jpg', '2');
INSERT INTO `asso` VALUES ('13', 'ShowMe话剧社1222', 'ShowMe话剧社成立于2010年，至今已于校园内屹立7年之久！2222', '76c11e6d55fbb2fb5784a33c4c4a20a44623dc24.jpg', '55');
INSERT INTO `asso` VALUES ('14', '游鱼橡皮章社', '这里是游鱼橡皮章社.一个让你的橡皮变得special的gensokyo——成立于2016年6月，旨在促进社团成员在爱好和学习上互帮互助，共同进步，以业余的爱好缓解学习压力，促进全面发展，咳……', '14.jpg', '2');
INSERT INTO `asso` VALUES ('15', '摘星阁天文社', '往古来今谓之宙，四方上下谓之宇。宇宙神秘莫测又与我们息息相关，其蕴含无尽的知识和美丽神秘的星空吸引着无数学者为之痴迷。一中天文学会是一个很好的平台对于天文爱好者，可以让一届届天文爱好者在天文社学习知识、观测天体，燃烧热情', '15.jpg', '3');
INSERT INTO `asso` VALUES ('16', '纸艺社', '纸艺社，就是使用不同规格的纸张折出各式各样的作品。在纸艺社，你将会学习折纸教程中的基本符号与一些可爱的小作品；探讨在折纸上遇到的困难；也可以没事与社员嗑嗑瓜子，唠唠嗑。', '16.jpg', '5');
INSERT INTO `asso` VALUES ('17', 'AE电音社', ' 当下，电子音乐涉足领域覆盖了国内外乐坛的很大部分。在中国，更是开启了电音元年，全球最大电音节Ultra进军中国，王思聪生日多次邀请大牌DJ，不可否认的是，电子音乐越来越受欢迎。', '17.jpg', '4');
INSERT INTO `asso` VALUES ('18', '篮球社', '宗旨：让每个热爱篮球的人实现篮球梦。', '18.jpg', '5');
INSERT INTO `asso` VALUES ('19', '乒乓球社', '我们疾行于球台前，会神于挥拍间，比赛时沉稳而不失狂野。赛后，练习时，我们却总是欢声笑语，活泼无限。 没错，这就是我们活泼青春激情四射的一中乒乓球社，一个温暖的大家庭~', '19.jpg', '1');
INSERT INTO `asso` VALUES ('20', '医学爱好者协会', '欢迎加入医学爱好者协会！简称医协，是爱好医学知识者的集聚地。这里能够讨论自己对各类医学知识的见解，提出自己的疑惑，更可以提高自己的医学素养，扩展自己的知识面。', '20.jpg', '2');
INSERT INTO `asso` VALUES ('21', 'DT协会', '青岛科技大学DT协会（Data Technogical协会）是一个由一群喜爱传媒技术的青科大学生组成的，兼顾图片处理和视频剪辑的学生社团。在现在这种社会的背景下，学习和交流大数据社会下我们应该如何去把握市场，如何在这种情况下运用大数据。未来大数据是发展中非常重要的东西，学会搜集和处理数据。不断学习跟巩固互联网的营销模式跟大数据时代的创新，创业。培养学生们的兴趣，给喜欢互联网，喜欢大数据的同学们提供一个交流，学习，共同进步的学生组织社团。其下设秘书部、宣传部、外联部相关部门。', '21.png', '3');
INSERT INTO `asso` VALUES ('22', 'Marvel魔方协会', '青岛科技大学marvel魔方协会成立于2013年10月，在2014年正式由魔方协会更名为marvel魔方协会，原魔方协会可以追溯到2010年，是由青岛科技大学魔方高手以及有丰富的教学经验的魔方爱好者共同发起建立的，是以弘扬魔方文化，丰富校园生活，提高魔方爱好者的速拧水平为目标的学生社团。', '23.jpg', '3');
INSERT INTO `asso` VALUES ('23', '魅影曳步舞协会', '魅影曳步舞协会成立于2015年5月24日。魅影曳步舞协会是青岛科技大学校级社团，为三星级社团，属于兴趣爱好类社团。魅影曳步舞协会是一群热爱曳步舞、充满激情、积极向上、幽默友爱、团结互助的大学生聚集地。在这里有互帮互助的同学，有积极进取的朋友，更有情深四海的兄弟，如果你希望在舞蹈中找到一群可以生死相依、志同道合的伙伴，希望不断取得进步，那么，别犹豫，我们等的就是你！你要找的就是我们，我们在这里等着你！为了方便于管理，内部分为会长、副会长、秘书长、教练、后勤等几个部分。', '24.png', '55');
INSERT INTO `asso` VALUES ('24', '音乐爱好者协会', '青岛科技大学音乐爱好者协会成立于1999年9月9日，是校团委领导下的全校性的学生社团组织.。协会下设秘书处，宣传部，组织部，外联部，策划部等五大部门。协会开设了免费的特色吉他班，即由水平较高的会员为喜爱吉他的同学传授技艺，大家互相交流学习，切磋技艺，共同进步。即使你没有任何音乐功底也可以参加。我们还会为会员提供演出锻炼的机会，让你在这里展现才能。总之，只要你喜欢音乐，只要你拥有才能，只要你怀揣梦想，我们真诚欢迎你的加入，们的目标是：让生活充满音乐，没有寂寞', '25.jpg', '4');
INSERT INTO `asso` VALUES ('25', '缤彩魔术气球社', '本社团成立于2016年9月百团大战之时。本社团是一个致力于让每位社员掌握气球艺术造型入门技巧的兴趣社团，同时本社团也旨在让每一位对气球感兴趣的同学可以完成从“学习气球”“实践气球”到“创造气球”的转变，发掘每位社员的创造力是我们应有的职责。纵观全国，气球社团只在中小学生中出现过，大学生社团中气球社团可以说是我们只此一家。虽然没有前车之鉴，但这也给了我们机会来发扬“敢为人先，开拓创新”的科大精神。作为一个新成立社团，本社团必定牢记“橡胶品格”，克服发展道路上的所有困难，让气球成为我们人生发展的第一步。', '26.jpg', '1');
INSERT INTO `asso` VALUES ('26', '魔方协会', '魔方协会是2016年新成立的社团，本着以魔会友的理念，由一群热爱魔方的小伙伴共同成立。还记得曾经那个童年的小小梦想么？', '27.jpg', '2');
INSERT INTO `asso` VALUES ('27', '凌空排球社', '青岛科技大学凌空排球社正式成立于2014年，由一群热爱排球并希望将这种运动传承和继续下去的同学们创立。排球社创建的目的是更加广泛地将排球这项运动在校园里传播 。我们经常组织训练，为新老会员提供了一个广大的舞台来展示自己的球技，这样既能使老队员们满意地“退役”，又让年轻队员拥有展示自我、大显身手的机会；我们还常与兄弟协会一起举办友谊赛，旨在促进所有排球爱好者的交流和沟通，让大家能够更好地互相认识了解。排球社以“热爱排球、玩耍排球、享受排球”为宗旨，以提倡全民运动、增强体质、发展团结为目标；以广交朋', '28.jpg', '55');
INSERT INTO `asso` VALUES ('28', '梅花桩武术协会', '青岛科技大学梅花桩武术协会（四方校区）成立于2002年11月14日，内部分设秘书处、财务部、宣传部、技术部以及组织部。梅花拳属于传统武术，是采周易之神奇妙用，夺孙子兵法之谋略，深受传统文化影响的一支文武合一的文化，故梅花桩最大的特点是文武合一， 以武治心，通过平时的训练和对拳理的学习达到“强身健体，技击制敌，开发智慧”的目的。梅花桩协会成立的宗旨是“弘扬中华传统文化，传承梅花拳，渡人渡己”，经过15年来老师与师兄师姐们的不懈努力，青科梅花武协得到了飞速发展，吸引了一大批热爱武术的志同道合之士加入，人员不断发展壮大，社团管理有章可依，各部门各司其职，内部结构不断优化。', '56A64AC3D8CC5E0CEBFE98FCF89_AA9D7843_7D19.png', '2');
INSERT INTO `asso` VALUES ('29', 'Be Young英语晨读社团', 'Be Young英语晨读社团成立于2012年5月，是由每天在东山操场上晨读的一个阳光快乐的Big Family组成的青岛科技大学校级社团。社团以“提高自己，帮助他人”为宗旨，举行晨读过程中有英语达人带练，专业细致地讲解五十个美式音标，每周会有一篇脱口而出的英语演讲，系统地为有共同爱好的人提升英文听说实力，让你说一口标准流利的英文，做英语实力最牛的理科生！此外，社团还会举办英语角，演讲比赛，教英文歌曲等趣味活动，让我们快乐热血的爱上英文！Be Young教你玩转英文，高分飘过四六级！想让你的大学生活变得不一样么，这里有一群快乐洒脱实力超群的人儿哦！', 'E6A242820B5E375D2EC8FDB2511_B85362EC_31568.png', '55');
INSERT INTO `asso` VALUES ('30', '职业精英社', '我社注重理论与学习实践相结合，校内活动和校外项目兼容发展的模式，结合校园代理、市场开发、项目合作、兼职就业与一身，引导青岛科大各个学院充满激情、满怀报负的创业精英，使同学们认清社会形势，顺应社会潮流，提高团队合作意识，创业意识，自助择业，自主创业，书写新一届的精英传奇。', 'fe6c8e4bd11373f02c55b6b1a70f4bfbfbed0461.jpg', '4');
INSERT INTO `asso` VALUES ('32', '缘弈棋社', '缘弈棋社成立于2010年6月2日，是由棋类爱好者组织形成的学习型兴趣爱好类学生社团组织，缘弈棋社以弘扬中华名族博大精深的棋类文化为目标，以“以棋会友”为宗旨，为广大棋类爱好者提供一个真实有效的切磋交流平台。棋社下设秘书部、组织部、外联部、宣传部、技艺部和四大棋队。', 'qishe.jpg', '5');

-- ----------------------------
-- Table structure for category_
-- ----------------------------
DROP TABLE IF EXISTS `category_`;
CREATE TABLE `category_` (
  `id` int(11) NOT NULL AUTO_INCREMENT,
  `category` varchar(100) NOT NULL,
  PRIMARY KEY (`id`)
) ENGINE=InnoDB AUTO_INCREMENT=56 DEFAULT CHARSET=utf8;

-- ----------------------------
-- Records of category_
-- ----------------------------
INSERT INTO `category_` VALUES ('1', '学习实践类社团');
INSERT INTO `category_` VALUES ('2', '体育竞技类社团');
INSERT INTO `category_` VALUES ('3', '社会公益类社团');
INSERT INTO `category_` VALUES ('4', '学术科技类社团');
INSERT INTO `category_` VALUES ('5', '文化艺术类社团');
INSERT INTO `category_` VALUES ('55', '人文社会类社团');

-- ----------------------------
-- Table structure for comment
-- ----------------------------
DROP TABLE IF EXISTS `comment`;
CREATE TABLE `comment` (
  `id` int(11) NOT NULL AUTO_INCREMENT,
  `uid` int(11) NOT NULL,
  `comment` text,
  `time` datetime DEFAULT CURRENT_TIMESTAMP ON UPDATE CURRENT_TIMESTAMP,
  PRIMARY KEY (`id`),
  KEY `fk_ucid` (`uid`),
  CONSTRAINT `fk_ucid` FOREIGN KEY (`uid`) REFERENCES `user` (`id`) ON DELETE CASCADE ON UPDATE CASCADE
) ENGINE=InnoDB AUTO_INCREMENT=11 DEFAULT CHARSET=utf8;

-- ----------------------------
-- Records of comment
-- ----------------------------
INSERT INTO `comment` VALUES ('5', '4', '留言1', '2018-04-11 09:49:02');
INSERT INTO `comment` VALUES ('6', '5', '留言2', '2018-04-11 09:49:16');
INSERT INTO `comment` VALUES ('7', '6', ' 留言3', '2018-04-11 09:49:27');
INSERT INTO `comment` VALUES ('8', '7', '留言4', '2018-04-11 09:49:31');
INSERT INTO `comment` VALUES ('9', '9', '456123', '2018-04-12 11:10:49');
INSERT INTO `comment` VALUES ('10', '9', 'dddddd', '2018-04-12 11:11:22');

-- ----------------------------
-- Table structure for news
-- ----------------------------
DROP TABLE IF EXISTS `news`;
CREATE TABLE `news` (
  `id` int(11) NOT NULL AUTO_INCREMENT,
  `aid` int(11) NOT NULL,
  `title` varchar(255) NOT NULL,
  `content` text NOT NULL,
  `author` varchar(30) NOT NULL,
  `time` datetime DEFAULT CURRENT_TIMESTAMP COMMENT '创建时间',
  `contentText` text,
  `isannou` int(1) unsigned zerofill DEFAULT '0',
  PRIMARY KEY (`id`),
  KEY `fk_as_con` (`aid`),
  CONSTRAINT `fk_as_con` FOREIGN KEY (`aid`) REFERENCES `admin` (`id`) ON DELETE CASCADE ON UPDATE CASCADE
) ENGINE=InnoDB AUTO_INCREMENT=62 DEFAULT CHARSET=utf8;

-- ----------------------------
-- Records of news
-- ----------------------------
INSERT INTO `news` VALUES ('37', '61', '“钟鸣鼎食——从晋侯墓地出土青铜器谈起”主题讲座成功举办', '<p style=\"color: rgb(67, 67, 67); font-family: 微软雅黑; font-size: 13px; text-indent: 0em; white-space: normal; background-color: rgb(255, 255, 255); line-height: 19.5px;\"><span style=\"font-family: 宋体; line-height: 28.5px; font-size: 19px;\"><span style=\"line-height: 24px; font-size: 16px; font-family: 宋体, SimSun;\"><span style=\"line-height: 24px;\">由四川大学历史文化学院（旅游学院）学术科技部承办的第八届</span>“钟鸣鼎食——从晋侯墓地出土青铜器谈起”于2018年3月30日晚7:20在江安校区第一教学楼A座109教室成功举办。</span></span></p><p style=\"color: rgb(67, 67, 67); font-family: 微软雅黑; font-size: 13px; text-indent: 0em; white-space: normal; background-color: rgb(255, 255, 255); line-height: 19.5px;\"><span style=\"line-height: 24px; font-size: 16px; font-family: 宋体, SimSun;\">&nbsp;&nbsp;&nbsp;&nbsp;本次活动邀请了黎海超老师进行主讲，吸引了许多对此感兴趣的同学前来参加。</span></p><p style=\"color: rgb(67, 67, 67); font-family: 微软雅黑; font-size: 13px; text-indent: 0em; white-space: normal; background-color: rgb(255, 255, 255); line-height: 19.5px;\"><span style=\"line-height: 24px; font-size: 16px; font-family: 宋体, SimSun;\">&nbsp;&nbsp;&nbsp;&nbsp;活动伊始，本次活动的主持人章洋同学介绍了本次活动的背景并对主讲人黎海超老师进行了简要的介绍，然后讲座正式开始。</span></p><p style=\"color: rgb(67, 67, 67); font-family: 微软雅黑; font-size: 13px; white-space: normal; background-color: rgb(255, 255, 255); text-indent: 37px; line-height: 19.5px;\"><span style=\"font-family: 宋体; line-height: 28.5px; font-size: 19px;\">&nbsp;</span></p><p style=\"color: rgb(67, 67, 67); font-family: 微软雅黑; font-size: 13px; white-space: normal; background-color: rgb(255, 255, 255); text-align: center;\"><img src=\"http://localhost:8080/stuman/img/uploadimg/20180410/1523349946064008428.png\" title=\"1523349946064008428.png\" alt=\"6365817947049310592644045.png\"/></p><p style=\"color: rgb(67, 67, 67); font-family: 微软雅黑; font-size: 13px; white-space: normal; background-color: rgb(255, 255, 255); text-indent: 37px; line-height: 19.5px;\"><span style=\"font-family: 宋体; line-height: 28.5px; font-size: 19px;\"></span></p><p style=\"color: rgb(67, 67, 67); font-family: 微软雅黑; font-size: 13px; white-space: normal; background-color: rgb(255, 255, 255); text-indent: 37px; text-align: center; line-height: 19.5px;\"><span style=\"line-height: 24px; font-family: 宋体, SimSun; font-size: 16px;\">（注：图为章洋同学主持讲座）</span></p><p style=\"color: rgb(67, 67, 67); font-family: 微软雅黑; font-size: 13px; text-indent: 0em; white-space: normal; background-color: rgb(255, 255, 255); line-height: 19.5px;\"><span style=\"line-height: 24px; font-size: 16px; font-family: 宋体, SimSun;\">&nbsp;&nbsp;&nbsp;&nbsp;黎海超老师首先讲了钟鼎和礼乐的关系，简要介绍了编钟、列鼎制度、晋国史实、晋侯墓地等相关背景知识，方便同学们理解接下来讲述的内容。</span></p><p style=\"color: rgb(67, 67, 67); font-family: 微软雅黑; font-size: 13px; text-indent: 0em; white-space: normal; background-color: rgb(255, 255, 255); line-height: 19.5px;\"><span style=\"line-height: 24px; font-size: 16px; font-family: 宋体, SimSun;\">&nbsp;&nbsp;&nbsp;&nbsp;接下来，黎海超老师主要通过两个故事向同学们展示了青铜器和历史方面的知识。</span></p><p style=\"color: rgb(67, 67, 67); font-family: 微软雅黑; font-size: 13px; text-indent: 0em; white-space: normal; background-color: rgb(255, 255, 255); line-height: 19.5px;\"><span style=\"line-height: 24px; font-size: 16px; font-family: 宋体, SimSun;\">&nbsp;&nbsp;&nbsp;&nbsp;在第一个故事“晋侯稣钟”中，黎海超老师提到了钟的特殊之处，即刻在钟上的铭文以及钟的来历，特别提到了铭文的内容与晋侯稣立战功受周王封赏有关。接着展示了部分青铜器，如晋侯对壶和兔尊。</span></p><p style=\"color: rgb(67, 67, 67); font-family: 微软雅黑; font-size: 13px; white-space: normal; background-color: rgb(255, 255, 255); text-indent: 37px; line-height: 19.5px;\"><span style=\"font-family: 宋体; line-height: 28.5px; font-size: 19px;\">&nbsp;</span></p><p style=\"color: rgb(67, 67, 67); font-family: 微软雅黑; font-size: 13px; white-space: normal; background-color: rgb(255, 255, 255); text-align: center;\"><img src=\"http://localhost:8080/stuman/img/uploadimg/20180410/1523349963611026726.png\" title=\"1523349963611026726.png\" alt=\"6365817949047674101316736.png\"/></p><p style=\"color: rgb(67, 67, 67); font-family: 微软雅黑; font-size: 13px; white-space: normal; background-color: rgb(255, 255, 255); text-indent: 37px; line-height: 19.5px;\"><span style=\"font-family: 宋体; line-height: 28.5px; font-size: 19px;\"></span></p><p style=\"color: rgb(67, 67, 67); font-family: 微软雅黑; font-size: 13px; white-space: normal; background-color: rgb(255, 255, 255); text-indent: 37px; text-align: center; line-height: 19.5px;\"><span style=\"line-height: 24px; font-family: 宋体, SimSun; font-size: 16px;\">（注：图为黎海超老师进行讲解）</span></p><p style=\"color: rgb(67, 67, 67); font-family: 微软雅黑; font-size: 13px; text-indent: 0em; white-space: normal; background-color: rgb(255, 255, 255); line-height: 19.5px;\"><span style=\"font-family: 宋体; line-height: 24px; font-size: 16px;\">&nbsp;&nbsp;&nbsp;&nbsp;第二个故事介绍了三件青铜器——“晋姜鼎”“戎生编钟”“楚公逆钟”。提到晋姜鼎、戎生编钟与晋国用盐去楚国换铜料有关，并指出这个普通的事件对研究当时的经济、生产的意义；转而提到在晋国墓地发掘出的楚公编钟。接着黎海超老师向同学们简单介绍了考古研究中的部分方法，例如利用铅同位素的方法。然后黎海超老师提到了铜绿山的发掘，展示了井巷支护结构，提及了发掘工作中的“35枚赤足印”的故事。通过第二个故事，黎海超老师向我们展示了科技在考古工作中的应用，展现了考古学科的综合性。</span></p><p style=\"color: rgb(67, 67, 67); font-family: 微软雅黑; font-size: 13px; white-space: normal; background-color: rgb(255, 255, 255); text-indent: 37px; line-height: 19.5px;\"><span style=\"font-family: 宋体; line-height: 28.5px; font-size: 19px;\">&nbsp;</span></p><p style=\"color: rgb(67, 67, 67); font-family: 微软雅黑; font-size: 13px; white-space: normal; background-color: rgb(255, 255, 255); text-align: center;\"><img src=\"http://localhost:8080/stuman/img/uploadimg/20180410/1523349970859058361.png\" title=\"1523349970859058361.png\" alt=\"6365817951751158843401414.png\"/></p><p style=\"color: rgb(67, 67, 67); font-family: 微软雅黑; font-size: 13px; white-space: normal; background-color: rgb(255, 255, 255); text-indent: 37px; line-height: 19.5px;\"><span style=\"font-family: 宋体; line-height: 28.5px; font-size: 19px;\"></span></p><p style=\"color: rgb(67, 67, 67); font-family: 微软雅黑; font-size: 13px; white-space: normal; background-color: rgb(255, 255, 255); text-indent: 37px; text-align: center; line-height: 19.5px;\"><span style=\"line-height: 24px; font-family: 宋体; font-size: 16px;\">（注：图为黎海超老师讲解，同学们认真听讲）</span></p><p style=\"color: rgb(67, 67, 67); font-family: 微软雅黑; font-size: 13px; text-indent: 0em; white-space: normal; background-color: rgb(255, 255, 255); line-height: 19.5px;\"><span style=\"line-height: 24px; font-family: 宋体, SimSun; font-size: 16px;\"><span style=\"line-height: 24px;\">&nbsp;&nbsp;&nbsp;&nbsp;在讲座过程中，黎老师还提到了天马</span>——曲村遗址发掘中的故事，讲了文物保护的不易，还提出了大家对考古学的一个误解，即考古不是在干挖人坟墓——缺德的事情，考古发掘分为抢救性发掘和主动发掘两种，抢救性发掘是指对已经被各种原因破坏的墓葬、遗址进行发掘、加以保存和保护，主动性发掘是对一些残存的建筑、城址发掘。在考古工作中，抢救性发掘占绝大部分。这一讲解改变了同学们对考古工作固有的一个误解。</span></p><p style=\"color: rgb(67, 67, 67); font-family: 微软雅黑; font-size: 13px; text-indent: 0em; white-space: normal; background-color: rgb(255, 255, 255); line-height: 19.5px;\"><span style=\"font-size: 16px;\"><span style=\"line-height: 24px; font-family: 宋体;\">&nbsp;&nbsp;&nbsp;&nbsp;最后，黎海超老师希望通过此次讲座能够对同学们的学术道路、创新发展有所助益。本次活动以青铜器为一个切入点，给同学们展现了很多有关考古学的有意思的话题，大大激发了同学们对学习相关知识的兴趣，</span><span style=\"font-family: 宋体;\">提升了同学们人文素质、促进了同学们的全面发展，为我校建设“双一流”添砖加瓦。</span></span></p><p style=\"color: rgb(67, 67, 67); font-family: 微软雅黑; font-size: 13px; text-indent: 0em; white-space: normal; background-color: rgb(255, 255, 255); line-height: 19.5px;\"><span style=\"line-height: 24px; font-family: 宋体; font-size: 16px;\">&nbsp;&nbsp;&nbsp;&nbsp;至此，本次活动在一片掌声中圆满结束。</span></p><p><br/></p>', 'aaa', '2018-04-10 16:46:39', '由四川大学历史文化学院（旅游学院）学术科技部承办的第八届“钟鸣鼎食——从晋侯墓地出土青铜器谈起”于2018年3月30日晚7:20在江安校区第一教学楼A座109教室成功举办。    本次活动邀请了黎海超老师进行主讲，吸引了许多对此感兴趣的同学前来参加。    活动伊始，本次活动的主持人章洋同学介绍了本次活动的背景并对主讲人黎海超老师进行了简要的介绍，然后讲座正式开始。 （注：图为章洋同学主持讲座）    黎海超老师首先讲了钟鼎和礼乐的关系，简要介绍了编钟、列鼎制度、晋国史实、晋侯墓地等相关背景知识，方便同学们理解接下来讲述的内容。    接下来，黎海超老师主要通过两个故事向同学们展示了青铜器和历史方面的知识。    在第一个故事“晋侯稣钟”中，黎海超老师提到了钟的特殊之处，即刻在钟上的铭文以及钟的来历，特别提到了铭文的内容与晋侯稣立战功受周王封赏有关。接着展示了部分青铜器，如晋侯对壶和兔尊。 （注：图为黎海超老师进行讲解）    第二个故事介绍了三件青铜器——“晋姜鼎”“戎生编钟”“楚公逆钟”。提到晋姜鼎、戎生编钟与晋国用盐去楚国换铜料有关，并指出这个普通的事件对研究当时的经济、生产的意义；转而提到在晋国墓地发掘出的楚公编钟。接着黎海超老师向同学们简单介绍了考古研究中的部分方法，例如利用铅同位素的方法。然后黎海超老师提到了铜绿山的发掘，展示了井巷支护结构，提及了发掘工作中的“35枚赤足印”的故事。通过第二个故事，黎海超老师向我们展示了科技在考古工作中的应用，展现了考古学科的综合性。 （注：图为黎海超老师讲解，同学们认真听讲）    在讲座过程中，黎老师还提到了天马——曲村遗址发掘中的故事，讲了文物保护的不易，还提出了大家对考古学的一个误解，即考古不是在干挖人坟墓——缺德的事情，考古发掘分为抢救性发掘和主动发掘两种，抢救性发掘是指对已经被各种原因破坏的墓葬、遗址进行发掘、加以保存和保护，主动性发掘是对一些残存的建筑、城址发掘。在考古工作中，抢救性发掘占绝大部分。这一讲解改变了同学们对考古工作固有的一个误解。    最后，黎海超老师希望通过此次讲座能够对同学们的学术道路、创新发展有所助益。本次活动以青铜器为一个切入点，给同学们展现了很多有关考古学的有意思的话题，大大激发了同学们对学习相关知识的兴趣，提升了同学们人文素质、促进了同学们的全面发展，为我校建设“双一流”添砖加瓦。    至此，本次活动在一片掌声中圆满结束。', '0');
INSERT INTO `news` VALUES ('38', '59', '20180403四川大学比较行政研习社第三次社员大会成功举办', '<p style=\"color: rgb(67, 67, 67); font-family: 微软雅黑; font-size: 13px; white-space: normal; background: white;\"><span style=\"font-family: 宋体, SimSun; font-size: 16px;\">一、活动概述&nbsp;&nbsp;</span></p><p style=\"color: rgb(67, 67, 67); font-family: 微软雅黑; font-size: 13px; text-indent: 0em; white-space: normal; background: white;\"><span style=\"font-family: 宋体, SimSun; font-size: 16px;\">&nbsp;&nbsp;&nbsp;&nbsp;2018年4月3日，由四川大学比较行政研习社举办的比较行政研习社第三次社员大会于四川大学江安校区第一基础教学楼A座105室成功举办，取得圆满成功。</span></p><p style=\"color: rgb(67, 67, 67); font-family: 微软雅黑; font-size: 13px; white-space: normal; background: white;\"><span style=\"font-family: 宋体, SimSun; font-size: 16px;\">二、活动内容</span></p><p style=\"color: rgb(67, 67, 67); font-family: 微软雅黑; font-size: 13px; text-indent: 0em; white-space: normal; background-color: rgb(255, 255, 255);\"><span style=\"font-family: 宋体, SimSun; font-size: 16px;\">&nbsp;&nbsp;&nbsp;&nbsp;本次活动共分为4个部分。第一部分为由比较行政研习社副社长何楠锋学姐致开幕词，并对上一阶段学习和活动情况进行总结。第二部分为颜成志同学作为社员代表发言，分享学习两会精神的心得。颜成志同学从两会的热点问题着手，分享了自己的看法和见解。第三部分为全体社员自由研讨，纷纷就如何更深层次地学习两会精神提出自己的建议和想法。第四部分为比较行政研习社副社长刘春宝学长结合全体社员意见，安排部署下一阶段学习活动。</span></p><p style=\"color: rgb(67, 67, 67); font-family: 微软雅黑; font-size: 13px; white-space: normal; background: white;\"><span style=\"font-family: 宋体, SimSun; font-size: 16px;\">三、活动总结</span></p><p style=\"color: rgb(67, 67, 67); font-family: 微软雅黑; font-size: 13px; text-indent: 0em; white-space: normal; line-height: 24px; background: white;\"><span style=\"font-family: 宋体, SimSun; font-size: 16px;\">&nbsp;&nbsp;&nbsp;&nbsp;比较行政研习社第三次社员大会在新学期的开始以及在两会顺利召开的背景下举行是十分有必要和十分有意义的。在大会开始前，同学们积极准备学习两会精神；在大会进行过程中，同学们踊跃参与，体现了一个集体团结奋发向上的精神风貌，也展现了当代大学生的政治学习能力和时代责任感！</span></p><p style=\"color: rgb(67, 67, 67); font-family: 微软雅黑; font-size: 13px; text-indent: 0em; white-space: normal; line-height: 24px; background: white; text-align: center;\"><img src=\"http://localhost:8080/stuman/img/uploadimg/20180410/1523351627910061201.jpg\" title=\"1523351627910061201.jpg\" alt=\"6365837890581972024084681.jpg\"/></p><p style=\"color: rgb(67, 67, 67); font-family: 微软雅黑; font-size: 13px; white-space: normal; background-color: rgb(255, 255, 255); text-align: center;\"><img src=\"/ueditor/jsp/upload/image/20180410/1523350620594083812.jpg\" title=\"\" width=\"579\" height=\"476\"/></p><p style=\"color: rgb(67, 67, 67); font-family: 微软雅黑; font-size: 13px; white-space: normal; background-color: rgb(255, 255, 255); text-align: center;\"><img src=\"/ueditor/jsp/upload/image/20180410/1523350620770076568.jpg\" title=\"\" width=\"578\" height=\"467\"/></p><p style=\"color: rgb(67, 67, 67); font-family: 微软雅黑; font-size: 13px; white-space: normal; text-align: center; text-indent: 43px; line-height: 24px; background: white;\"><span style=\"font-size: 21px; font-family: Simsun, serif;\"></span><br/></p><p><br/></p>', '1111', '2018-04-10 17:13:59', '一、活动概述      2018年4月3日，由四川大学比较行政研习社举办的比较行政研习社第三次社员大会于四川大学江安校区第一基础教学楼A座105室成功举办，取得圆满成功。二、活动内容    本次活动共分为4个部分。第一部分为由比较行政研习社副社长何楠锋学姐致开幕词，并对上一阶段学习和活动情况进行总结。第二部分为颜成志同学作为社员代表发言，分享学习两会精神的心得。颜成志同学从两会的热点问题着手，分享了自己的看法和见解。第三部分为全体社员自由研讨，纷纷就如何更深层次地学习两会精神提出自己的建议和想法。第四部分为比较行政研习社副社长刘春宝学长结合全体社员意见，安排部署下一阶段学习活动。三、活动总结    比较行政研习社第三次社员大会在新学期的开始以及在两会顺利召开的背景下举行是十分有必要和十分有意义的。在大会开始前，同学们积极准备学习两会精神；在大会进行过程中，同学们踊跃参与，体现了一个集体团结奋发向上的精神风貌，也展现了当代大学生的政治学习能力和时代责任感！', '0');
INSERT INTO `news` VALUES ('39', '58', '西协外语专业学生申报各类比赛专业指导交流会成功举办', '<p style=\"color: rgb(67, 67, 67); font-family: 微软雅黑; font-size: 13px; text-indent: 0em; white-space: normal; background-color: rgb(255, 255, 255);\"><span style=\"font-family: 宋体, SimSun; font-size: 16px;\"><span style=\"color: rgb(51, 51, 51); background-image: initial; background-position: initial; background-size: initial; background-repeat: initial; background-attachment: initial; background-origin: initial; background-clip: initial;\">“互联网+”就是指</span><span style=\"color: rgb(26, 26, 26); background-image: initial; background-position: initial; background-size: initial; background-repeat: initial; background-attachment: initial; background-origin: initial; background-clip: initial;\">利用信息通信技术以及互联网平台，让互联网与传统行业进行深度融合，创造新的发展生态。以此概念为基础的中</span><span style=\"color: rgb(43, 43, 43); background-image: initial; background-position: initial; background-size: initial; background-repeat: initial; background-attachment: initial; background-origin: initial; background-clip: initial;\">国“互联网+”大学生创新创业大赛报名工作已成功举办了三届，日前，第四届大赛已正式启动。作为由教育部牵头的全国高校顶级赛事，其参与高校覆盖了全国多所重点大学。</span></span></p><p style=\"color: rgb(67, 67, 67); font-family: 微软雅黑; font-size: 13px; white-space: normal; background-color: rgb(255, 255, 255); text-align: center;\"><span style=\"color: rgb(43, 43, 43); font-size: 19px; background-image: initial; background-position: initial; background-size: initial; background-repeat: initial; background-attachment: initial; background-origin: initial; background-clip: initial; font-family: 宋体;\"><img src=\"http://localhost:8080/stuman/img/uploadimg/20180410/1523351729707044951.png\" title=\"1523351729707044951.png\" alt=\"6365860933455764696261294.png\"/></span></p><p style=\"color: rgb(67, 67, 67); font-family: 微软雅黑; font-size: 13px; white-space: normal; background-color: rgb(255, 255, 255); text-indent: 37px; text-align: center;\"><span style=\"color: rgb(43, 43, 43); background-image: initial; background-position: initial; background-size: initial; background-repeat: initial; background-attachment: initial; background-origin: initial; background-clip: initial; font-family: 宋体, SimSun; font-size: 16px;\">史维老师对大赛意义做介绍</span></p><p style=\"color: rgb(67, 67, 67); font-family: 微软雅黑; font-size: 13px; text-indent: 0em; white-space: normal; background-color: rgb(255, 255, 255);\"><span style=\"font-family: 宋体; color: rgb(43, 43, 43); background-image: initial; background-position: initial; background-size: initial; background-repeat: initial; background-attachment: initial; background-origin: initial; background-clip: initial; font-size: 16px;\">&nbsp;&nbsp;&nbsp;&nbsp;“互联网+”大赛在深化高等教育综合改革，激发大学生的创造力，培养造就“大众创业、万众创新”的生力军上发挥了极大的作用。</span></p><p style=\"color: rgb(67, 67, 67); font-family: 微软雅黑; font-size: 13px; text-indent: 0em; white-space: normal; background-color: rgb(255, 255, 255);\"><span style=\"font-family: 宋体; color: rgb(43, 43, 43); background-image: initial; background-position: initial; background-size: initial; background-repeat: initial; background-attachment: initial; background-origin: initial; background-clip: initial; font-size: 16px;\">&nbsp;&nbsp;&nbsp;&nbsp;在这样的契机之下，为了使同学们思考如何将“互联网＋”的创新思维与专业优势相结合，提高高校学生的创新精神、创业意识和创新创业能力。2018年3月28日西班牙语研究协会邀请到四川大学西班牙语系的系主任史维老师来为同学们进行有关大赛内容的讲座。</span><span style=\"color: rgb(43, 43, 43); font-family: 宋体; font-size: 19px; text-indent: 28px;\">&nbsp;</span></p><p style=\"color: rgb(67, 67, 67); font-family: 微软雅黑; font-size: 13px; white-space: normal; background-color: rgb(255, 255, 255); text-align: center;\"><img src=\"http://localhost:8080/stuman/img/uploadimg/20180410/1523351735966042115.png\" title=\"1523351735966042115.png\" alt=\"6365860934873807186342697.png\"/></p><p style=\"color: rgb(67, 67, 67); font-family: 微软雅黑; font-size: 13px; white-space: normal; background-color: rgb(255, 255, 255); text-indent: 28px; text-align: center;\"><span style=\"color: rgb(43, 43, 43); background-image: initial; background-position: initial; background-size: initial; background-repeat: initial; background-attachment: initial; background-origin: initial; background-clip: initial; text-indent: 37px; font-family: 宋体, SimSun; font-size: 16px;\">史维老师对大赛内容进行介绍</span></p><p style=\"color: rgb(67, 67, 67); font-family: 微软雅黑; font-size: 13px; text-indent: 0em; white-space: normal; background-color: rgb(255, 255, 255);\"><span style=\"color: rgb(43, 43, 43); background-image: initial; background-position: initial; background-size: initial; background-repeat: initial; background-attachment: initial; background-origin: initial; background-clip: initial; font-family: 宋体, SimSun; font-size: 16px;\">&nbsp;&nbsp;&nbsp;&nbsp;史维老师从她自己关于大学生<span style=\"background-image: initial; background-position: initial; background-size: initial; background-repeat: initial; background-attachment: initial; background-origin: initial; background-clip: initial; font-family: 宋体;\"></span>“互联网+”创新创业大赛的思考谈起，为同学们介绍了参赛项目要求、参赛对象、比赛赛制及赛程安排等各方面的内容，最后还结合其个人经验，鼓励同学们结合不同专业的优势，开动脑筋，积极创新。</span></p><p style=\"color: rgb(67, 67, 67); font-family: 微软雅黑; font-size: 13px; white-space: normal; background-color: rgb(255, 255, 255); text-indent: 28px; text-align: center;\"><span style=\"font-family: 宋体; color: rgb(43, 43, 43); font-size: 19px; background-image: initial; background-position: initial; background-size: initial; background-repeat: initial; background-attachment: initial; background-origin: initial; background-clip: initial;\">&nbsp;<img src=\"http://localhost:8080/stuman/img/uploadimg/20180410/1523351743210045608.png\" title=\"1523351743210045608.png\" alt=\"6365860936201369518876457.png\"/></span></p><p style=\"color: rgb(67, 67, 67); font-family: 微软雅黑; font-size: 13px; text-indent: 0em; white-space: normal; background-color: rgb(255, 255, 255); text-align: center;\"><span style=\"text-indent: 37px; color: rgb(43, 43, 43); background-image: initial; background-position: initial; background-size: initial; background-repeat: initial; background-attachment: initial; background-origin: initial; background-clip: initial; font-family: 宋体, SimSun; font-size: 16px;\">同学们与史维老师进行交流</span></p><p style=\"color: rgb(67, 67, 67); font-family: 微软雅黑; font-size: 13px; text-indent: 0em; white-space: normal; background-color: rgb(255, 255, 255);\"><span style=\"color: rgb(43, 43, 43); background-image: initial; background-position: initial; background-size: initial; background-repeat: initial; background-attachment: initial; background-origin: initial; background-clip: initial; font-family: 宋体, SimSun; font-size: 16px;\">&nbsp;&nbsp;&nbsp;&nbsp;最后，同学们就自己已经在做的大创项目是否可以与<span style=\"background-image: initial; background-position: initial; background-size: initial; background-repeat: initial; background-attachment: initial; background-origin: initial; background-clip: initial; font-family: 宋体;\"></span>“互联网+”创新创业大赛项目进行有效的结合与史维老师进行了简短的探讨，史维老师对于同学们的问题都给出了自己的建议，给予了我们启迪和思考的方向。</span></p><p style=\"color: rgb(67, 67, 67); font-family: 微软雅黑; font-size: 13px; white-space: normal; background-color: rgb(255, 255, 255); text-align: center;\"><span style=\"font-family: 宋体; color: rgb(43, 43, 43); font-size: 19px; background-image: initial; background-position: initial; background-size: initial; background-repeat: initial; background-attachment: initial; background-origin: initial; background-clip: initial;\">&nbsp;<img src=\"http://localhost:8080/stuman/img/uploadimg/20180410/1523351753345008729.png\" title=\"1523351753345008729.png\" alt=\"6365860938831534131400932.png\"/></span></p><p style=\"color: rgb(67, 67, 67); font-family: 微软雅黑; font-size: 13px; white-space: normal; background-color: rgb(255, 255, 255); text-indent: 37px; text-align: center;\"><span style=\"color: rgb(43, 43, 43); background-image: initial; background-position: initial; background-size: initial; background-repeat: initial; background-attachment: initial; background-origin: initial; background-clip: initial; font-family: 宋体; font-size: 16px;\">史维老师鼓励大家积极参赛</span></p><p><br/></p>', '112', '2018-04-10 17:16:16', '“互联网+”就是指利用信息通信技术以及互联网平台，让互联网与传统行业进行深度融合，创造新的发展生态。以此概念为基础的中国“互联网+”大学生创新创业大赛报名工作已成功举办了三届，日前，第四届大赛已正式启动。作为由教育部牵头的全国高校顶级赛事，其参与高校覆盖了全国多所重点大学。史维老师对大赛意义做介绍    “互联网+”大赛在深化高等教育综合改革，激发大学生的创造力，培养造就“大众创业、万众创新”的生力军上发挥了极大的作用。    在这样的契机之下，为了使同学们思考如何将“互联网＋”的创新思维与专业优势相结合，提高高校学生的创新精神、创业意识和创新创业能力。2018年3月28日西班牙语研究协会邀请到四川大学西班牙语系的系主任史维老师来为同学们进行有关大赛内容的讲座。 史维老师对大赛内容进行介绍    史维老师从她自己关于大学生“互联网+”创新创业大赛的思考谈起，为同学们介绍了参赛项目要求、参赛对象、比赛赛制及赛程安排等各方面的内容，最后还结合其个人经验，鼓励同学们结合不同专业的优势，开动脑筋，积极创新。 同学们与史维老师进行交流    最后，同学们就自己已经在做的大创项目是否可以与“互联网+”创新创业大赛项目进行有效的结合与史维老师进行了简短的探讨，史维老师对于同学们的问题都给出了自己的建议，给予了我们启迪和思考的方向。 史维老师鼓励大家积极参赛', '0');
INSERT INTO `news` VALUES ('40', '61', '华西口腔医学院创新训练活动之超轻黏土创意制作交流会', '<p style=\"color: rgb(67, 67, 67); font-family: 微软雅黑; font-size: 13px; white-space: normal; background-color: rgb(255, 255, 255); text-indent: 32px;\"><span style=\"font-family: 宋体, SimSun; font-size: 16px;\">2018年3月29日19：30，由华西口腔医学院创业就业促进部、四川大学日常急救应用与研究协会、创意新媒体社团、口腔种植修复基础科研兴趣社团主办的超轻黏土创意制作交流会在五舍活动室顺利举行，华西口腔17级的同学们参加了本次活动。</span></p><p style=\"color: rgb(67, 67, 67); font-family: 微软雅黑; font-size: 13px; white-space: normal; background-color: rgb(255, 255, 255); text-indent: 32px;\"><span style=\"font-family: 宋体, SimSun; font-size: 16px;\">超轻黏土是一种兴起于日本的新型环保、无毒、自然风干的手工造型材料，捏塑起来更容易更舒适，适合造型，深受青少年的喜爱。今天，超轻黏土便来到了五舍活动室，与同学们来了一场有趣的邂逅。活动一开始，同学们看着桌上五颜六色的黏土，十分兴奋，仔细聆听了操作方法和技巧后，便迫不及待得开始创作。</span></p><p style=\"color: rgb(67, 67, 67); font-family: 微软雅黑; font-size: 13px; white-space: normal; background-color: rgb(255, 255, 255); text-indent: 32px;\"><span style=\"font-family: 宋体, SimSun; font-size: 16px;\">同学们刚结束一下午的解剖课，身心都有些疲惫，而参与超轻黏土的制作刚好可以起到很好的放松作用，同时也能培养大家的创新和动手能力。在制作过程中，同学们发挥了丰富的想象力，与同伴交流合作，获取更好的点子。看着自己的作品渐渐成型，同学们都露出了会心的微笑。</span></p><p style=\"color: rgb(67, 67, 67); font-family: 微软雅黑; font-size: 13px; white-space: normal; background-color: rgb(255, 255, 255); text-indent: 32px;\"><span style=\"font-family: 宋体, SimSun; font-size: 16px;\">40<span style=\"font-family: 宋体;\">分钟的操作环节结束，同学们都完成了自己的作品，开心地互相交换欣赏，并与它们合影留念。本次超轻黏土创意制作交流会既锻炼了同学们的动手能力，又让大家在繁忙的课业中得到休息，可谓一举两得。</span></span></p><p style=\"color: rgb(67, 67, 67); font-family: 微软雅黑; font-size: 13px; white-space: normal; background-color: rgb(255, 255, 255); margin-left: 7px; line-height: 19.5px;\"><span style=\"font-size: 19px; line-height: 28.5px; font-family: 宋体;\"></span></p><p style=\"color: rgb(67, 67, 67); font-family: 微软雅黑; font-size: 13px; white-space: normal; background-color: rgb(255, 255, 255); text-align: center;\"><br/></p><p style=\"color: rgb(67, 67, 67); font-family: 微软雅黑; font-size: 13px; white-space: normal; background-color: rgb(255, 255, 255); text-align: center;\"><img src=\"http://localhost:8080/stuman/img/uploadimg/20180410/1523351866134029968.jpg\" title=\"1523351866134029968.jpg\" alt=\"6365829260543854163433717.jpg\"/></p><p style=\"color: rgb(67, 67, 67); font-family: 微软雅黑; font-size: 13px; white-space: normal; background-color: rgb(255, 255, 255); text-align: center;\"><br/></p><p style=\"color: rgb(67, 67, 67); font-family: 微软雅黑; font-size: 13px; white-space: normal; background-color: rgb(255, 255, 255); text-align: center;\"><img src=\"http://localhost:8080/stuman/img/uploadimg/20180410/1523351882973062697.jpg\" title=\"1523351882973062697.jpg\" alt=\"6365829260567254201206005.jpg\"/></p><p><br/></p>', '111', '2018-04-10 17:18:17', '2018年3月29日19：30，由华西口腔医学院创业就业促进部、四川大学日常急救应用与研究协会、创意新媒体社团、口腔种植修复基础科研兴趣社团主办的超轻黏土创意制作交流会在五舍活动室顺利举行，华西口腔17级的同学们参加了本次活动。超轻黏土是一种兴起于日本的新型环保、无毒、自然风干的手工造型材料，捏塑起来更容易更舒适，适合造型，深受青少年的喜爱。今天，超轻黏土便来到了五舍活动室，与同学们来了一场有趣的邂逅。活动一开始，同学们看着桌上五颜六色的黏土，十分兴奋，仔细聆听了操作方法和技巧后，便迫不及待得开始创作。同学们刚结束一下午的解剖课，身心都有些疲惫，而参与超轻黏土的制作刚好可以起到很好的放松作用，同时也能培养大家的创新和动手能力。在制作过程中，同学们发挥了丰富的想象力，与同伴交流合作，获取更好的点子。看着自己的作品渐渐成型，同学们都露出了会心的微笑。40分钟的操作环节结束，同学们都完成了自己的作品，开心地互相交换欣赏，并与它们合影留念。本次超轻黏土创意制作交流会既锻炼了同学们的动手能力，又让大家在繁忙的课业中得到休息，可谓一举两得。', '0');
INSERT INTO `news` VALUES ('41', '58', '歌词研究大会顺利举办', '<p style=\"color: rgb(67, 67, 67); white-space: normal; -webkit-text-stroke: rgb(0, 0, 0); background-color: rgb(255, 255, 255); margin-top: 0px; margin-bottom: 0px; font-stretch: normal; font-size: 12px; line-height: normal; font-family: &quot;Times New Roman&quot;;\"><span style=\"text-indent: 24px; -webkit-text-stroke-width: initial; font-family: 宋体, SimSun; font-size: 16px;\">2018年3月24日，由灵泉当代文学读书会、歌词文化研究会及文新其它社团合办的读书交流会活动于综合楼B座604教室成功举办。</span></p><p style=\"color: rgb(67, 67, 67); white-space: normal; -webkit-text-stroke: rgb(0, 0, 0); background-color: rgb(255, 255, 255); margin-top: 0px; margin-bottom: 0px; font-stretch: normal; font-size: 12px; line-height: normal; font-family: &quot;Times New Roman&quot;;\"><span style=\"font-family: 宋体, SimSun; font-size: 16px; text-indent: 24px; -webkit-text-stroke-width: initial;\">&nbsp;&nbsp;&nbsp;&nbsp;上午10：00，大会正式开始。活动一开始，主持人、歌词文化研究会成员赵雪晨同学向同学们简要地介绍了歌词学的历史和前沿的学术概况，并开门见山地介绍了本活动将会运用到的歌词鉴赏的方法。在主持人的详细解答中，同学们收获了学术方面的知识，也为接下来的活动开展做足了准备。</span></p><p style=\"color: rgb(67, 67, 67); white-space: normal; -webkit-text-stroke: rgb(0, 0, 0); background-color: rgb(255, 255, 255); margin-top: 0px; margin-bottom: 0px; font-stretch: normal; font-size: 12px; line-height: normal; font-family: &quot;Times New Roman&quot;;\"><span style=\"text-indent: 24px; -webkit-text-stroke-width: initial; font-family: 宋体, SimSun; font-size: 16px;\">&nbsp;&nbsp;&nbsp;</span><span style=\"font-family: 宋体, SimSun; font-size: 16px;\"><span style=\"text-indent: 24px; -webkit-text-stroke-width: initial;\">&nbsp;接下来进入的是歌词分享环节，在赵雪晨同学的带领下，同学们欣赏了她分享的两首歌的歌词——《止战之殇》及《烟花易冷》。《烟花易冷》作为同学们耳熟能详的音乐作品，由方文山作词、周杰伦作曲并演唱。赵雪晨同学分享了词作者方文山先生的个人简历，并赏析了本歌曲中“枯等一圈/又一圈/的年轮”一句，得到了同学们的一致赞赏</span><span style=\"text-indent: 24px; -webkit-text-stroke-width: initial;\">。</span></span></p><p style=\"color: rgb(67, 67, 67); white-space: normal; -webkit-text-stroke: rgb(0, 0, 0); background-color: rgb(255, 255, 255); margin-top: 0px; margin-bottom: 0px; font-stretch: normal; font-size: 12px; line-height: normal; font-family: &quot;Times New Roman&quot;;\"><span style=\"text-indent: 24px; -webkit-text-stroke-width: initial; font-family: 宋体, SimSun; font-size: 16px;\">&nbsp;&nbsp;&nbsp;&nbsp;紧接着，同学们进入游戏环节。主持人将三首优秀流行作品的歌词打出，由同学们来猜其歌名。本次游戏共展示了《车站》等歌曲，同学们参与度较高，也积极抢答</span></p><p style=\"color: rgb(67, 67, 67); white-space: normal; -webkit-text-stroke: rgb(0, 0, 0); background-color: rgb(255, 255, 255); margin-top: 0px; margin-bottom: 0px; font-stretch: normal; font-size: 12px; line-height: normal; font-family: &quot;Times New Roman&quot;;\"><span style=\"font-family: 宋体, SimSun; font-size: 16px; text-indent: 24px; -webkit-text-stroke-width: initial;\">&nbsp;&nbsp;&nbsp;&nbsp;伴随美妙的音乐和同学们兴致勃勃的分享，本次歌词研究会圆满落幕。本次活动，激发了同学们对歌词学兴趣，同时养成了同学们在平时听歌时思考的习惯。艺术就在我们身边，只要我们有一双发现美、思考美的眼睛。</span></p><p style=\"color: rgb(67, 67, 67); font-family: 微软雅黑; font-size: 13px; white-space: normal; background-color: rgb(255, 255, 255); text-align: center;\"><span style=\"font-kerning: none;\"><img src=\"http://localhost:8080/stuman/img/uploadimg/20180410/1523351946305031029.png\" title=\"1523351946305031029.png\" alt=\"6365860933455764696261294.png\"/></span></p><p style=\"color: rgb(67, 67, 67); white-space: normal; -webkit-text-stroke: rgb(0, 0, 0); background-color: rgb(255, 255, 255); margin-top: 0px; margin-bottom: 0px; text-align: center; text-indent: 24px; font-stretch: normal; font-size: 12px; line-height: normal; font-family: &quot;Times New Roman&quot;;\"><span style=\"font-kerning: none; font-family: 宋体, SimSun; font-size: 16px;\">主持人介绍歌词学</span></p><p style=\"color: rgb(67, 67, 67); white-space: normal; -webkit-text-stroke: rgb(0, 0, 0); background-color: rgb(255, 255, 255); margin-top: 0px; margin-bottom: 0px; text-indent: 24px; font-stretch: normal; font-size: 12px; line-height: normal; font-family: &quot;Times New Roman&quot;; text-align: center;\"><img src=\"http://localhost:8080/stuman/img/uploadimg/20180410/1523351956568088201.png\" title=\"1523351956568088201.png\" alt=\"6365860936201369518876457.png\"/></p><p style=\"color: rgb(67, 67, 67); white-space: normal; -webkit-text-stroke: rgb(0, 0, 0); background-color: rgb(255, 255, 255); margin-top: 0px; margin-bottom: 0px; text-align: center; text-indent: 24px; font-stretch: normal; font-size: 12px; line-height: normal; font-family: &quot;Times New Roman&quot;;\"><span style=\"font-kerning: none; font-family: 宋体, SimSun; font-size: 16px;\">灵泉社团旗及活动现场</span></p><p><br/></p>', 'aaa', '2018-04-10 17:19:27', '2018年3月24日，由灵泉当代文学读书会、歌词文化研究会及文新其它社团合办的读书交流会活动于综合楼B座604教室成功举办。    上午10：00，大会正式开始。活动一开始，主持人、歌词文化研究会成员赵雪晨同学向同学们简要地介绍了歌词学的历史和前沿的学术概况，并开门见山地介绍了本活动将会运用到的歌词鉴赏的方法。在主持人的详细解答中，同学们收获了学术方面的知识，也为接下来的活动开展做足了准备。    接下来进入的是歌词分享环节，在赵雪晨同学的带领下，同学们欣赏了她分享的两首歌的歌词——《止战之殇》及《烟花易冷》。《烟花易冷》作为同学们耳熟能详的音乐作品，由方文山作词、周杰伦作曲并演唱。赵雪晨同学分享了词作者方文山先生的个人简历，并赏析了本歌曲中“枯等一圈/又一圈/的年轮”一句，得到了同学们的一致赞赏。    紧接着，同学们进入游戏环节。主持人将三首优秀流行作品的歌词打出，由同学们来猜其歌名。本次游戏共展示了《车站》等歌曲，同学们参与度较高，也积极抢答    伴随美妙的音乐和同学们兴致勃勃的分享，本次歌词研究会圆满落幕。本次活动，激发了同学们对歌词学兴趣，同时养成了同学们在平时听歌时思考的习惯。艺术就在我们身边，只要我们有一双发现美、思考美的眼睛。主持人介绍歌词学灵泉社团旗及活动现场', '0');
INSERT INTO `news` VALUES ('42', '57', '读书交流会圆满举办', '<p style=\"color: rgb(67, 67, 67); white-space: normal; -webkit-text-stroke: rgb(0, 0, 0); background-color: rgb(255, 255, 255); margin-top: 0px; margin-bottom: 0px; font-stretch: normal; font-size: 12px; line-height: normal; font-family: &quot;Times New Roman&quot;;\"><span style=\"text-indent: 24px; -webkit-text-stroke-width: initial; font-family: 宋体, SimSun; font-size: 16px;\">2018年3月17日，灵泉当代文学读书会与文新各社团合办的读书交流会活动圆满举办。本次活动以书为线索，与会同学分享了各自的读书心得，并且收获了真挚的友谊。</span></p><p style=\"color: rgb(67, 67, 67); white-space: normal; -webkit-text-stroke: rgb(0, 0, 0); background-color: rgb(255, 255, 255); margin-top: 0px; margin-bottom: 0px; font-stretch: normal; font-size: 12px; line-height: normal; font-family: &quot;Times New Roman&quot;;\"><span style=\"font-family: 宋体, SimSun; font-size: 16px; text-indent: 24px; -webkit-text-stroke-width: initial;\">&nbsp;&nbsp;&nbsp;&nbsp;上午九时，交流会正式开始。首先主持人用风趣幽默的话语，简要介绍了本次活动的流程及意义，并向同学们推荐自己喜爱的书籍诸如《三体》等。主持人以看图猜书名的方式，与到场的同学进行互动。同学们热情参与，兴致颇高。</span></p><p style=\"color: rgb(67, 67, 67); white-space: normal; -webkit-text-stroke: rgb(0, 0, 0); background-color: rgb(255, 255, 255); margin-top: 0px; margin-bottom: 0px; font-stretch: normal; font-size: 12px; line-height: normal; font-family: &quot;Times New Roman&quot;;\"><span style=\"font-family: 宋体, SimSun; font-size: 16px; text-indent: 24px; -webkit-text-stroke-width: initial;\">&nbsp;&nbsp;&nbsp;&nbsp;紧接着，同学们在便利贴上写上了自己最喜欢的书籍并附上推荐理由，主持人负责打乱纸条并再次分发。同学们对于书籍的看法通过纸条的方式进行了交换，部分同学也踊跃地发言分享自己的读书心得。大家纷纷表示收到的纸条让自己对这本书产生了浓厚的兴趣，并将这些书目列入了自己的阅读计划中。</span></p><p style=\"color: rgb(67, 67, 67); white-space: normal; -webkit-text-stroke: rgb(0, 0, 0); background-color: rgb(255, 255, 255); margin-top: 0px; margin-bottom: 0px; font-stretch: normal; font-size: 12px; line-height: normal; font-family: &quot;Times New Roman&quot;;\"><span style=\"font-family: 宋体, SimSun; font-size: 16px; text-indent: 24px; -webkit-text-stroke-width: initial;\">&nbsp;&nbsp;&nbsp;&nbsp;在书香与笑语中，本次读书交流会圆满落幕。本次活动增进了各个社团之间的联系，激发了同学们的阅读兴趣，并有助于同学们养成读书、思考的好习惯。与书相伴，将是我们一生财富。</span></p><p style=\"color: rgb(67, 67, 67); white-space: normal; -webkit-text-stroke: rgb(0, 0, 0); background-color: rgb(255, 255, 255); margin-top: 0px; margin-bottom: 0px; text-indent: 24px; font-stretch: normal; font-size: 12px; line-height: normal; font-family: &quot;Times New Roman&quot;; min-height: 15px; text-align: center;\"><span style=\"font-kerning: none;\"></span><img src=\"http://localhost:8080/stuman/img/uploadimg/20180410/1523351992892080270.png\" title=\"1523351992892080270.png\" alt=\"6365860934873807186342697.png\"/></p><p style=\"color: rgb(67, 67, 67); white-space: normal; -webkit-text-stroke: rgb(0, 0, 0); background-color: rgb(255, 255, 255); margin-top: 0px; margin-bottom: 0px; text-align: center; text-indent: 24px; font-stretch: normal; font-size: 12px; line-height: normal; font-family: &quot;Times New Roman&quot;;\"><span style=\"font-kerning: none; font-family: 宋体, SimSun; font-size: 16px;\">主持人开场</span></p><p style=\"color: rgb(67, 67, 67); white-space: normal; -webkit-text-stroke: rgb(0, 0, 0); background-color: rgb(255, 255, 255); margin-top: 0px; margin-bottom: 0px; text-indent: 24px; font-stretch: normal; font-size: 12px; line-height: normal; font-family: &quot;Times New Roman&quot;; text-align: center;\"><span style=\"font-kerning: none;\"><img src=\"http://localhost:8080/stuman/img/uploadimg/20180410/1523352001194080374.png\" title=\"1523352001194080374.png\" alt=\"6365860936201369518876457.png\"/></span></p><p style=\"color: rgb(67, 67, 67); white-space: normal; -webkit-text-stroke: rgb(0, 0, 0); background-color: rgb(255, 255, 255); margin-top: 0px; margin-bottom: 0px; text-align: center; text-indent: 24px; font-stretch: normal; font-size: 12px; line-height: normal; font-family: &quot;Times New Roman&quot;;\"><span style=\"font-kerning: none; font-family: 宋体, SimSun; font-size: 16px;\">同学们认真聆听分享者发言</span></p><p style=\"color: rgb(67, 67, 67); white-space: normal; -webkit-text-stroke: rgb(0, 0, 0); background-color: rgb(255, 255, 255); margin-top: 0px; margin-bottom: 0px; text-indent: 24px; font-stretch: normal; font-size: 12px; line-height: normal; font-family: &quot;Times New Roman&quot;; text-align: center;\"><span style=\"font-kerning: none;\"><img src=\"http://localhost:8080/stuman/img/uploadimg/20180410/1523352006109007748.png\" title=\"1523352006109007748.png\" alt=\"6365860938831534131400932.png\"/></span></p><p><br/></p>', 'aaa', '2018-04-10 17:20:17', '2018年3月17日，灵泉当代文学读书会与文新各社团合办的读书交流会活动圆满举办。本次活动以书为线索，与会同学分享了各自的读书心得，并且收获了真挚的友谊。    上午九时，交流会正式开始。首先主持人用风趣幽默的话语，简要介绍了本次活动的流程及意义，并向同学们推荐自己喜爱的书籍诸如《三体》等。主持人以看图猜书名的方式，与到场的同学进行互动。同学们热情参与，兴致颇高。    紧接着，同学们在便利贴上写上了自己最喜欢的书籍并附上推荐理由，主持人负责打乱纸条并再次分发。同学们对于书籍的看法通过纸条的方式进行了交换，部分同学也踊跃地发言分享自己的读书心得。大家纷纷表示收到的纸条让自己对这本书产生了浓厚的兴趣，并将这些书目列入了自己的阅读计划中。    在书香与笑语中，本次读书交流会圆满落幕。本次活动增进了各个社团之间的联系，激发了同学们的阅读兴趣，并有助于同学们养成读书、思考的好习惯。与书相伴，将是我们一生财富。主持人开场同学们认真聆听分享者发言', '0');
INSERT INTO `news` VALUES ('43', '56', '关于提交五四红旗分团委学生社团工作部分评比材料的通知', '<p style=\"color: rgb(67, 67, 67); font-family: 微软雅黑; font-size: 13px; white-space: normal; background-color: rgb(255, 255, 255);\"><span style=\"font-family: 宋体; font-size: 16px;\">各学院团委：</span></p><p style=\"color: rgb(67, 67, 67); font-family: 微软雅黑; font-size: 13px; white-space: normal; background-color: rgb(255, 255, 255); line-height: 18px;\"><span style=\"font-family: 宋体; font-size: 16px;\">&nbsp;&nbsp;&nbsp;&nbsp;为配合校团委2017-2018学年五四红旗分团委的评比工作，现向各学院团委收集从2017年5月至2018年4月期间学生社团工作部分的相关材料。请各学院以学院为单位，收集所属的学生社团（校级社团、院级社团、学术型社团）的评比材料，参照五四评比学生社团部分细则（附件一）、具体材料明细（附件二）、和材料模板（附件三及附件四）提交相关材料。</span></p><p style=\"color: rgb(67, 67, 67); font-family: 微软雅黑; font-size: 13px; white-space: normal; background-color: rgb(255, 255, 255); line-height: 18px;\"><span style=\"font-size: 16px;\"><span style=\"font-family: 宋体;\">&nbsp;&nbsp;&nbsp;&nbsp;请各学院</span><span style=\"font-family: 宋体; color: rgb(13, 13, 13);\">团委将评比</span><span style=\"font-family: 宋体;\">材料纸质版文档提交至江安行政楼</span><span style=\"font-family: 宋体; color: rgb(13, 13, 13);\">407</span><span style=\"font-family: 宋体; color: rgb(13, 13, 13);\">办公室值班同学处，提交时间为4月8日—4月9日8:30——1</span><span style=\"font-family: 宋体;\">1:30，14:30——17：30，同时请于4月9日晚12点前将非学术型社团和学术型社团的电子版材料分别压缩后发至公邮scusauxs@163.com。</span></span></p><p style=\"color: rgb(67, 67, 67); font-family: 微软雅黑; font-size: 13px; white-space: normal; background-color: rgb(255, 255, 255); line-height: 18px;\"><span style=\"font-family: 宋体; font-size: 16px;\">&nbsp;</span></p><p style=\"color: rgb(67, 67, 67); font-family: 微软雅黑; font-size: 13px; white-space: normal; background-color: rgb(255, 255, 255); line-height: 18px;\"><span style=\"font-family: 宋体; font-size: 16px;\">联系人：校团委</span></p><p style=\"color: rgb(67, 67, 67); font-family: 微软雅黑; font-size: 13px; white-space: normal; background-color: rgb(255, 255, 255); line-height: 18px;\"><span style=\"font-family: 宋体; font-size: 16px;\">&nbsp; &nbsp; &nbsp; &nbsp; &nbsp; &nbsp; &nbsp; &nbsp; &nbsp; &nbsp; &nbsp; &nbsp; 林茂老师 &nbsp;&nbsp;&nbsp;&nbsp;&nbsp;&nbsp;&nbsp;&nbsp;&nbsp;&nbsp;&nbsp;&nbsp;&nbsp;&nbsp;028-85998669&nbsp;&nbsp;</span></p><p style=\"color: rgb(67, 67, 67); font-family: 微软雅黑; font-size: 13px; white-space: normal; background-color: rgb(255, 255, 255); line-height: 18px;\"><span style=\"font-family: 宋体; font-size: 16px;\">&nbsp; &nbsp; &nbsp; &nbsp; &nbsp; &nbsp; &nbsp; &nbsp; &nbsp; &nbsp; &nbsp; 寿刘星老师 &nbsp; &nbsp; &nbsp; &nbsp; &nbsp; &nbsp; &nbsp;&nbsp;028-85401222&nbsp; &nbsp;</span></p><p style=\"color: rgb(67, 67, 67); font-family: 微软雅黑; font-size: 13px; white-space: normal; background-color: rgb(255, 255, 255); line-height: 18px;\"><span style=\"font-family: 宋体; font-size: 16px;\">&nbsp; &nbsp; &nbsp; &nbsp; &nbsp; &nbsp; &nbsp; &nbsp;&nbsp;校学生社团联合会</span></p><p style=\"color: rgb(67, 67, 67); font-family: 微软雅黑; font-size: 13px; white-space: normal; background-color: rgb(255, 255, 255); line-height: 18px;\"><span style=\"font-family: 宋体; font-size: 16px;\">&nbsp; &nbsp; &nbsp; &nbsp; &nbsp; &nbsp; &nbsp; &nbsp; &nbsp; &nbsp; &nbsp; &nbsp; 袁麟同学 &nbsp; &nbsp; &nbsp; &nbsp; &nbsp; &nbsp;&nbsp;13547909074</span></p><p style=\"color: rgb(67, 67, 67); font-family: 微软雅黑; font-size: 13px; white-space: normal; background-color: rgb(255, 255, 255);\"><span style=\"font-family: 宋体; font-size: 16px;\">&nbsp;&nbsp;&nbsp;&nbsp;&nbsp;&nbsp;&nbsp;&nbsp;&nbsp;&nbsp;&nbsp;&nbsp;&nbsp;&nbsp;&nbsp;&nbsp;&nbsp;&nbsp;&nbsp;&nbsp;&nbsp;&nbsp;&nbsp; 李文同学 &nbsp; &nbsp; &nbsp; &nbsp; &nbsp; &nbsp; 17721870480</span></p><p style=\"color: rgb(67, 67, 67); font-family: 微软雅黑; font-size: 13px; white-space: normal; background-color: rgb(255, 255, 255);\"><span style=\"font-size: 16px;\"><span style=\"text-indent: 192px; font-family: 宋体;\">&nbsp; &nbsp; &nbsp; &nbsp; &nbsp; &nbsp; &nbsp; &nbsp; &nbsp; &nbsp; &nbsp; &nbsp;&nbsp;陈佳星同学 &nbsp; &nbsp; &nbsp; &nbsp; &nbsp;&nbsp;13688457705</span><span style=\"text-indent: 192px;\"></span></span></p><p style=\"color: rgb(67, 67, 67); font-family: 微软雅黑; font-size: 13px; white-space: normal; background-color: rgb(255, 255, 255);\"><span style=\"font-family: 宋体; font-size: 16px;\">&nbsp;&nbsp;&nbsp;&nbsp;&nbsp;&nbsp;&nbsp;&nbsp;&nbsp;&nbsp;&nbsp;&nbsp;&nbsp;&nbsp;&nbsp;&nbsp;&nbsp;&nbsp;&nbsp;&nbsp;&nbsp;&nbsp;&nbsp; 王文昊同学 &nbsp; &nbsp; &nbsp; &nbsp; &nbsp;&nbsp;13643665388</span></p><p style=\"color: rgb(67, 67, 67); font-family: 微软雅黑; font-size: 13px; white-space: normal; background-color: rgb(255, 255, 255);\"><span style=\"font-family: 宋体; font-size: 16px;\"></span></p><p style=\"color: rgb(67, 67, 67); font-family: 微软雅黑; font-size: 13px; white-space: normal; background-color: rgb(255, 255, 255); text-align: right;\"><span style=\"font-family: 宋体; font-size: 16px;\">共青团四川大学委员会</span></p><p style=\"color: rgb(67, 67, 67); font-family: 微软雅黑; font-size: 13px; white-space: normal; background-color: rgb(255, 255, 255); text-align: right;\"><span style=\"font-family: 宋体; font-size: 16px;\">四川大学学生社团联合会</span></p><p style=\"color: rgb(67, 67, 67); font-family: 微软雅黑; font-size: 13px; white-space: normal; background-color: rgb(255, 255, 255); text-align: right;\"><span style=\"font-family: 宋体; font-size: 16px;\">2018年4月5日</span></p><p><br/></p>', 'aaa', '2018-04-10 17:21:03', '各学院团委：    为配合校团委2017-2018学年五四红旗分团委的评比工作，现向各学院团委收集从2017年5月至2018年4月期间学生社团工作部分的相关材料。请各学院以学院为单位，收集所属的学生社团（校级社团、院级社团、学术型社团）的评比材料，参照五四评比学生社团部分细则（附件一）、具体材料明细（附件二）、和材料模板（附件三及附件四）提交相关材料。    请各学院团委将评比材料纸质版文档提交至江安行政楼407办公室值班同学处，提交时间为4月8日—4月9日8:30——11:30，14:30——17：30，同时请于4月9日晚12点前将非学术型社团和学术型社团的电子版材料分别压缩后发至公邮scusauxs@163.com。 联系人：校团委                        林茂老师               028-85998669                        寿刘星老师               028-85401222                   校学生社团联合会                        袁麟同学             13547909074                        李文同学             17721870480                        陈佳星同学           13688457705                        王文昊同学           13643665388共青团四川大学委员会四川大学学生社团联合会2018年4月5日', '1');
INSERT INTO `news` VALUES ('44', '55', '关于清明节放假期间学生社团相关工作的通知', '<p style=\"color: rgb(67, 67, 67); font-family: 微软雅黑; font-size: 13px; white-space: normal; background-color: rgb(255, 255, 255);\"><span style=\"font-family: 宋体, SimSun; font-size: 16px;\">各学院团委、各校内学生社团：</span></p><p style=\"color: rgb(67, 67, 67); font-family: 微软雅黑; font-size: 13px; white-space: normal; background-color: rgb(255, 255, 255);\"><span style=\"font-family: 宋体, SimSun; text-indent: 37px;\">&nbsp;&nbsp;&nbsp;&nbsp;<span style=\"font-size: 16px;\">为加强学生社团的管理，确保清明节放假期间社团学生人身安全以及公共财产安全，维护校园和谐稳定，现根据学校整体安排，对各学生社团作如下要求：</span></span></p><p style=\"color: rgb(67, 67, 67); font-family: 微软雅黑; font-size: 13px; white-space: normal; background-color: rgb(255, 255, 255);\"><span style=\"font-family: 宋体; text-indent: 37px;\">&nbsp;&nbsp;&nbsp;&nbsp;<span style=\"font-family: 宋体, SimSun; font-size: 16px;\">一、清明节假期期间（2018年4月5日至2018年4月7日）以社团名义开展活动须向校团委申请，经批准后方可开展。各社团不能以社团名义开展聚会、旅游、支教等集体外出活动；</span></span></p><p style=\"color: rgb(67, 67, 67); font-family: 微软雅黑; font-size: 13px; white-space: normal; background-color: rgb(255, 255, 255);\"><span style=\"font-family: 宋体, SimSun; text-indent: 37px;\">&nbsp;&nbsp;&nbsp;&nbsp;<span style=\"font-size: 16px;\">二、新闻媒体对学生社团进行采访报道须遵守学校宣传工作的相关要求，学生社团事前须报党委宣传部审批；</span></span></p><p style=\"color: rgb(67, 67, 67); font-family: 微软雅黑; font-size: 13px; white-space: normal; background-color: rgb(255, 255, 255);\"><span style=\"font-family: 宋体, SimSun; text-indent: 37px;\">&nbsp;&nbsp;&nbsp;<span style=\"font-size: 16px;\">&nbsp;三、请学生社团注意防火防盗，在放假前检查活动场地和办公室，确保门窗、水、电关好。</span></span></p><p style=\"color: rgb(67, 67, 67); font-family: 微软雅黑; font-size: 13px; white-space: normal; background-color: rgb(255, 255, 255);\"><span style=\"font-family: 宋体; text-indent: 37px;\">&nbsp;&nbsp;&nbsp;&nbsp;<span style=\"font-family: 宋体, SimSun; font-size: 16px;\">请学生社团认真遵守《四川大学学生社团管理办法（试行）》的相关规定，增强安全防范意识，严格遵守以上要求。请学院团委将相关工作要求及时传达给学生社团并做好在假期期间的服务和管理工作。</span></span></p><p><br/></p>', '222', '2018-04-10 17:21:35', '各学院团委、各校内学生社团：    为加强学生社团的管理，确保清明节放假期间社团学生人身安全以及公共财产安全，维护校园和谐稳定，现根据学校整体安排，对各学生社团作如下要求：    一、清明节假期期间（2018年4月5日至2018年4月7日）以社团名义开展活动须向校团委申请，经批准后方可开展。各社团不能以社团名义开展聚会、旅游、支教等集体外出活动；    二、新闻媒体对学生社团进行采访报道须遵守学校宣传工作的相关要求，学生社团事前须报党委宣传部审批；    三、请学生社团注意防火防盗，在放假前检查活动场地和办公室，确保门窗、水、电关好。    请学生社团认真遵守《四川大学学生社团管理办法（试行）》的相关规定，增强安全防范意识，严格遵守以上要求。请学院团委将相关工作要求及时传达给学生社团并做好在假期期间的服务和管理工作。', '1');
INSERT INTO `news` VALUES ('45', '54', '关于11月14日市场营销协会违规活动的处理办法', '<p style=\"color: rgb(67, 67, 67); font-family: 微软雅黑; font-size: 13px; white-space: normal; background-color: rgb(255, 255, 255); line-height: 19.5px; text-indent: 32px;\"><span style=\"background-image: initial; background-position: initial; background-size: initial; background-repeat: initial; background-attachment: initial; background-origin: initial; background-clip: initial; color: rgb(0, 0, 0); line-height: 24px; font-family: 宋体, SimSun; font-size: 16px;\">2017年11月14日，市场营销协会在江安校区青春广场进行某出国培训机构的营销推广活动。上述行为已违反《四川大学学生社团管理条例》第六章第二十条第一项。经校学生社团联合会研究，并报校团委、指导单位决定：</span></p><p style=\"color: rgb(67, 67, 67); font-family: 微软雅黑; font-size: 13px; white-space: normal; background-color: rgb(255, 255, 255); line-height: 19.5px; text-indent: 32px;\"><span style=\"font-family: 宋体, SimSun; font-size: 16px;\"><span style=\"background-image: initial; background-position: initial; background-size: initial; background-repeat: initial; background-attachment: initial; background-origin: initial; background-clip: initial; color: rgb(0, 0, 0); line-height: 24px;\"></span><span style=\"background-image: initial; background-position: initial; background-size: initial; background-repeat: initial; background-attachment: initial; background-origin: initial; background-clip: initial; color: rgb(0, 0, 0); font-family: 宋体;\">1.&nbsp;对市场营销协会进行通报批评，于五日内向学生社团联合会和指导学院作出说明和书面检讨；</span></span></p><p style=\"color: rgb(67, 67, 67); font-family: 微软雅黑; font-size: 13px; white-space: normal; background-color: rgb(255, 255, 255); line-height: 19.5px; text-indent: 32px;\"><span style=\"background-image: initial; background-position: initial; background-size: initial; background-repeat: initial; background-attachment: initial; background-origin: initial; background-clip: initial; color: rgb(0, 0, 0); font-family: 宋体; font-size: 16px;\">2.&nbsp;市场营销协会本学期内停止举办一切活动，停办活动期间组织社团成员认真学习《四川大学学生社团管理条例》内容；</span></p><p style=\"color: rgb(67, 67, 67); font-family: 微软雅黑; font-size: 13px; white-space: normal; background-color: rgb(255, 255, 255); line-height: 19.5px; text-indent: 32px;\"><span style=\"background-image: initial; background-position: initial; background-size: initial; background-repeat: initial; background-attachment: initial; background-origin: initial; background-clip: initial; color: rgb(0, 0, 0); font-family: 宋体; font-size: 16px;\">3.&nbsp;取消市场营销协会“2017-2018学年十佳学生社团”参评资格；</span></p><p style=\"color: rgb(67, 67, 67); font-family: 微软雅黑; font-size: 13px; white-space: normal; background-color: rgb(255, 255, 255); line-height: 19.5px; text-indent: 32px;\"><span style=\"background-image: initial; background-position: initial; background-size: initial; background-repeat: initial; background-attachment: initial; background-origin: initial; background-clip: initial; color: rgb(0, 0, 0); font-family: 宋体, SimSun; font-size: 16px;\">4.&nbsp;市场营销协会会长高铨鸿2017-2018学年内任职的主要学生干部考核不合格，不予发放任职证明。</span></p><p style=\"color: rgb(67, 67, 67); font-family: 微软雅黑; font-size: 13px; white-space: normal; background-color: rgb(255, 255, 255); line-height: 19.5px; text-indent: 32px;\"><span style=\"background-image: initial; background-position: initial; background-size: initial; background-repeat: initial; background-attachment: initial; background-origin: initial; background-clip: initial; color: rgb(0, 0, 0); line-height: 24px; font-family: 宋体, SimSun; font-size: 16px;\">望广大学生社团严格按照相关规章、制度开展活动，共同营造积极、健康的校园文化氛围。</span></p><p style=\"color: rgb(67, 67, 67); font-family: 微软雅黑; font-size: 13px; white-space: normal; background-color: rgb(255, 255, 255); margin: 1em 14px 1em 56px; text-align: right; line-height: 19.5px;\"><span style=\"font-family: 宋体, SimSun; font-size: 16px;\"><span style=\"background-image: initial; background-position: initial; background-size: initial; background-repeat: initial; background-attachment: initial; background-origin: initial; background-clip: initial; color: rgb(0, 0, 0); font-family: 宋体;\">校团委&nbsp;&nbsp;&nbsp;&nbsp;&nbsp;</span><span style=\"color: rgb(0, 0, 0); font-family: 宋体;\"><br/></span><span style=\"background-image: initial; background-position: initial; background-size: initial; background-repeat: initial; background-attachment: initial; background-origin: initial; background-clip: initial; color: rgb(0, 0, 0); font-family: 宋体;\">2017年11月29日</span></span></p><p><br/></p>', 'aaa', '2018-04-10 17:22:15', '2017年11月14日，市场营销协会在江安校区青春广场进行某出国培训机构的营销推广活动。上述行为已违反《四川大学学生社团管理条例》第六章第二十条第一项。经校学生社团联合会研究，并报校团委、指导单位决定：1. 对市场营销协会进行通报批评，于五日内向学生社团联合会和指导学院作出说明和书面检讨；2. 市场营销协会本学期内停止举办一切活动，停办活动期间组织社团成员认真学习《四川大学学生社团管理条例》内容；3. 取消市场营销协会“2017-2018学年十佳学生社团”参评资格；4. 市场营销协会会长高铨鸿2017-2018学年内任职的主要学生干部考核不合格，不予发放任职证明。望广大学生社团严格按照相关规章、制度开展活动，共同营造积极、健康的校园文化氛围。校团委     2017年11月29日', '1');
INSERT INTO `news` VALUES ('46', '53', '关于四川大学学生社团校园文化建设精品项目申报的通知', '<p style=\"color: rgb(67, 67, 67); font-family: 微软雅黑; font-size: 13px; white-space: normal; background-color: rgb(255, 255, 255); margin-bottom: 0px; text-align: justify; line-height: 19.5px;\"><span style=\"line-height: 24px; font-family: 宋体, SimSun; font-size: 16px;\">各学院团委、校院级学生社团：</span></p><p style=\"color: rgb(67, 67, 67); font-family: 微软雅黑; font-size: 13px; white-space: normal; background-color: rgb(255, 255, 255); margin-bottom: 0px; text-align: justify; line-height: 19.5px;\"><span style=\"text-indent: 37px; font-family: 宋体, SimSun; font-size: 16px;\">&nbsp;&nbsp;&nbsp;&nbsp;为深入发掘学生兴趣及特长，提升学生社团活动的品位和层次，进一步加强学生社团品牌项目建设，营造出和谐繁荣的校园文化氛围，校团委将在全校范围内开展学生社团校园文化建设精品项目的申报工作。现将有关事项通知如下：</span></p><p style=\"color: rgb(67, 67, 67); font-family: 微软雅黑; font-size: 13px; white-space: normal; background-color: rgb(255, 255, 255); margin-bottom: 0px; text-align: justify; line-height: 19.5px;\"><span style=\"line-height: 24px; font-family: 宋体, SimSun; font-size: 16px;\">1.学生社团申报的项目原则上是体现社团风采、已长期开展并深受同学们喜爱的，立志打造成社团品牌的特色活动。</span></p><p style=\"color: rgb(67, 67, 67); font-family: 微软雅黑; font-size: 13px; white-space: normal; background-color: rgb(255, 255, 255); margin-bottom: 0px; text-align: justify; line-height: 19.5px;\"><span style=\"line-height: 24px; font-family: 宋体, SimSun; font-size: 16px;\">2.请各学院团委（学校部处）在接到通知后积极根据由本单位指导的学生社团特点，审核其是否为质量良好的学生社团活动及其是否在全校师生中有较高的影响力和覆盖率，要加强对申报项目资格的审查，认真做好初选工作。</span></p><p style=\"color: rgb(67, 67, 67); font-family: 微软雅黑; font-size: 13px; white-space: normal; background-color: rgb(255, 255, 255); margin-bottom: 0px; text-align: justify; line-height: 19.5px;\"><span style=\"line-height: 24px; font-family: 宋体, SimSun; font-size: 16px;\">3.请各学院团委（学校部处）将项目申请表的电子文档统一收集后，做好校、院级社团分类并按校、院级分开建立文件夹，再打包成一个总文件夹，<a href=\"mailto:%E4%BB%A5%E5%AD%A6%E9%99%A2%E4%B8%BA%E5%8D%95%E4%BD%8D%E4%BA%8E2017%E5%B9%B412%E6%9C%8824%E6%97%A524%E7%82%B9%E5%89%8D%E5%8F%91%E9%80%81%E8%87%B3SCUSAUcwb2017@126.com\" style=\"text-decoration-line: none; color: rgb(93, 93, 93);\">以学院为单位于2017年12月8日24点前发送至社团联公邮scu_sau@163.com</a>，邮件主题命名为“精品项目+指导单位名称+学院社团工作负责人姓名及联系方式”。（注：将附件一申请表的纸质版盖章后于申报期间交到江安校区行政楼407校团委办公室，纸质版申请表还需拍照后将照片附在申请材料里一起发至公邮）</span></p><p style=\"color: rgb(67, 67, 67); font-family: 微软雅黑; font-size: 13px; white-space: normal; background-color: rgb(255, 255, 255); margin-bottom: 0px; text-align: justify; line-height: 19.5px;\"><span style=\"line-height: 24px; font-family: 宋体, SimSun; font-size: 16px;\">4.校团委将对参选项目进行评审，最终评审出一批学生社团的精品项目，并发放经费以鼓励活动开展。</span></p><p style=\"color: rgb(67, 67, 67); font-family: 微软雅黑; font-size: 13px; white-space: normal; background-color: rgb(255, 255, 255); margin-bottom: 0px; text-align: justify; line-height: 19.5px;\"><span style=\"line-height: 24px; font-family: 宋体, SimSun; font-size: 16px;\">5.本次学生社团校园文化建设精品项目的申报依据自愿申报原则，每个社团原则上限报一项，采取本学年内一次性申报的原则执行。</span></p><p style=\"color: rgb(67, 67, 67); font-family: 微软雅黑; font-size: 13px; white-space: normal; background-color: rgb(255, 255, 255); margin-bottom: 0px; text-align: justify; line-height: 19.5px;\"><span style=\"line-height: 24px; font-family: 宋体, SimSun; font-size: 16px;\">&nbsp;</span></p><p style=\"color: rgb(67, 67, 67); font-family: 微软雅黑; font-size: 13px; white-space: normal; background-color: rgb(255, 255, 255); margin-bottom: 0px; text-align: justify; line-height: 19.5px;\"><span style=\"line-height: 24px; font-family: 宋体, SimSun; font-size: 16px;\">注：院团委意见电脑录入即可，校团委意见由社团联财务部统一代办。</span></p><p style=\"color: rgb(67, 67, 67); font-family: 微软雅黑; font-size: 13px; white-space: normal; background-color: rgb(255, 255, 255); margin-bottom: 0px; text-align: justify; line-height: 19.5px;\"><span style=\"line-height: 24px; font-family: 宋体, SimSun; font-size: 16px;\">&nbsp;</span></p><p style=\"color: rgb(67, 67, 67); font-family: 微软雅黑; font-size: 13px; white-space: normal; background-color: rgb(255, 255, 255); margin-bottom: 0px; text-align: justify; line-height: 19.5px;\"><span style=\"line-height: 24px; font-family: 宋体, SimSun; font-size: 16px;\">如有疑问请咨询：</span></p><p style=\"color: rgb(67, 67, 67); font-family: 微软雅黑; font-size: 13px; white-space: normal; background-color: rgb(255, 255, 255); margin-bottom: 0px; line-height: 19.5px;\"><span style=\"line-height: 24px; font-family: 宋体, SimSun; font-size: 16px;\">联系人：校团委寿老师 &nbsp; &nbsp; &nbsp; &nbsp; &nbsp; &nbsp; &nbsp; 028-85401222 &nbsp;&nbsp;</span></p><p style=\"color: rgb(67, 67, 67); font-family: 微软雅黑; font-size: 13px; white-space: normal; background-color: rgb(255, 255, 255); margin-bottom: 0px; line-height: 19.5px;\"><span style=\"text-indent: 75px; font-family: 宋体, SimSun; font-size: 16px;\">&nbsp; &nbsp; &nbsp; &nbsp; 学生社团联合会 袁麟同学&nbsp;&nbsp;&nbsp; 13547909074</span></p><p style=\"color: rgb(67, 67, 67); font-family: 微软雅黑; font-size: 13px; white-space: normal; background-color: rgb(255, 255, 255); margin-bottom: 0px; line-height: 19.5px;\"><span style=\"text-indent: 205px; font-family: 宋体, SimSun; font-size: 16px;\">&nbsp; &nbsp; &nbsp; &nbsp; &nbsp; &nbsp; &nbsp; &nbsp; &nbsp; &nbsp; &nbsp; &nbsp;郑煜凡同学 &nbsp;18090355656</span></p><p style=\"color: rgb(67, 67, 67); font-family: 微软雅黑; font-size: 13px; white-space: normal; background-color: rgb(255, 255, 255); margin-bottom: 0px; text-align: right; text-indent: 205px; line-height: 19.5px;\"><span style=\"line-height: 24px; font-family: 宋体, SimSun; font-size: 16px;\">&nbsp;</span></p><p style=\"color: rgb(67, 67, 67); font-family: 微软雅黑; font-size: 13px; white-space: normal; background-color: rgb(255, 255, 255); margin-bottom: 0px; text-align: right; text-indent: 205px; line-height: 19.5px;\"><span style=\"line-height: 24px; font-family: 宋体, SimSun; font-size: 16px;\">&nbsp;</span></p><p style=\"color: rgb(67, 67, 67); font-family: 微软雅黑; font-size: 13px; white-space: normal; background-color: rgb(255, 255, 255); margin-bottom: 0px; text-align: right; text-indent: 205px; line-height: 19.5px;\"><span style=\"line-height: 24px; font-family: 宋体, SimSun; font-size: 16px;\">&nbsp;</span></p><p style=\"color: rgb(67, 67, 67); font-family: 微软雅黑; font-size: 13px; white-space: normal; background-color: rgb(255, 255, 255); margin-bottom: 0px; text-align: right; text-indent: 205px; line-height: 19.5px;\"><span style=\"line-height: 24px; font-family: 宋体, SimSun; font-size: 16px;\">校团委</span></p><p style=\"color: rgb(67, 67, 67); font-family: 微软雅黑; font-size: 13px; white-space: normal; background-color: rgb(255, 255, 255); margin-bottom: 0px; text-align: right; text-indent: 205px; line-height: 19.5px;\"><span style=\"line-height: 24px; font-family: 宋体, SimSun; font-size: 16px;\">校学生社团联合会</span></p><p style=\"color: rgb(67, 67, 67); font-family: 微软雅黑; font-size: 13px; white-space: normal; background-color: rgb(255, 255, 255); margin-bottom: 0px; text-align: right; text-indent: 205px; line-height: 19.5px;\"><span style=\"line-height: 24px; font-family: 宋体, SimSun; font-size: 16px;\">2017年11月29日</span></p><p><br/></p>', 'asd', '2018-04-10 17:22:44', '各学院团委、校院级学生社团：    为深入发掘学生兴趣及特长，提升学生社团活动的品位和层次，进一步加强学生社团品牌项目建设，营造出和谐繁荣的校园文化氛围，校团委将在全校范围内开展学生社团校园文化建设精品项目的申报工作。现将有关事项通知如下：1.学生社团申报的项目原则上是体现社团风采、已长期开展并深受同学们喜爱的，立志打造成社团品牌的特色活动。2.请各学院团委（学校部处）在接到通知后积极根据由本单位指导的学生社团特点，审核其是否为质量良好的学生社团活动及其是否在全校师生中有较高的影响力和覆盖率，要加强对申报项目资格的审查，认真做好初选工作。3.请各学院团委（学校部处）将项目申请表的电子文档统一收集后，做好校、院级社团分类并按校、院级分开建立文件夹，再打包成一个总文件夹，以学院为单位于2017年12月8日24点前发送至社团联公邮scu_sau@163.com，邮件主题命名为“精品项目+指导单位名称+学院社团工作负责人姓名及联系方式”。（注：将附件一申请表的纸质版盖章后于申报期间交到江安校区行政楼407校团委办公室，纸质版申请表还需拍照后将照片附在申请材料里一起发至公邮）4.校团委将对参选项目进行评审，最终评审出一批学生社团的精品项目，并发放经费以鼓励活动开展。5.本次学生社团校园文化建设精品项目的申报依据自愿申报原则，每个社团原则上限报一项，采取本学年内一次性申报的原则执行。 注：院团委意见电脑录入即可，校团委意见由社团联财务部统一代办。 如有疑问请咨询：联系人：校团委寿老师               028-85401222           学生社团联合会 袁麟同学    13547909074                       郑煜凡同学  18090355656   校团委校学生社团联合会2017年11月29日', '1');
INSERT INTO `news` VALUES ('47', '53', '关于中秋节、国庆节期间学生社团相关工作的通知', '<p style=\"color: rgb(67, 67, 67); font-family: 微软雅黑; font-size: 13px; white-space: normal; background-color: rgb(255, 255, 255); line-height: 19.5px;\"><span style=\"line-height: 24px; font-family: 宋体, SimSun; font-size: 16px;\">各学院团委、校内学生社团:&nbsp;</span></p><p style=\"color: rgb(67, 67, 67); font-family: 微软雅黑; font-size: 13px; white-space: normal; background-color: rgb(255, 255, 255); text-indent: 32px; line-height: 19.5px; text-align: justify;\"><span style=\"font-family: 宋体, SimSun; font-size: 16px;\">为加强学生社团的管理，确保中秋节、国庆节放假期间社团学生人身安全以及公共财产安全，维持校园和谐稳定，现根据学校整体安排，对各学生社团作如下要求：</span></p><p style=\"color: rgb(67, 67, 67); font-family: 微软雅黑; font-size: 13px; white-space: normal; background-color: rgb(255, 255, 255); text-indent: 32px; line-height: 19.5px; text-align: justify;\"><span style=\"line-height: 24px; font-family: 宋体; font-size: 16px;\">一、中秋节、国庆节假期期间（2017年10月1日至2017年10月8日）以社团名义开展活动须向校团委申请，经批准后方可开展。各社团不能以社团名义开展聚会、旅游、支教等集体外出活动；</span></p><p style=\"color: rgb(67, 67, 67); font-family: 微软雅黑; font-size: 13px; white-space: normal; background-color: rgb(255, 255, 255); text-indent: 32px; line-height: 19.5px; text-align: justify;\"><span style=\"line-height: 24px; font-family: 宋体; font-size: 16px;\">二、新闻媒体对学生社团进行采访报道须遵守学校宣传工作的相关要求，学生社团事前须报党委宣传部审批；</span></p><p style=\"color: rgb(67, 67, 67); font-family: 微软雅黑; font-size: 13px; white-space: normal; background-color: rgb(255, 255, 255); text-indent: 32px; line-height: 19.5px; text-align: justify;\"><span style=\"line-height: 24px; font-family: 宋体, SimSun; font-size: 16px;\">三、请学生社团注意防火防盗，在放假前检查活动场地和办公室，确保门窗、水、电关好。</span></p><p style=\"color: rgb(67, 67, 67); font-family: 微软雅黑; font-size: 13px; white-space: normal; background-color: rgb(255, 255, 255); text-indent: 32px; line-height: 19.5px; text-align: justify;\"><span style=\"line-height: 24px; font-family: 宋体, SimSun; font-size: 16px;\">请学生社团认真遵守《四川大学学生社团管理条例》的相关规定，增强安全防范意识，严格遵守以上要求。请学院团委将相关工作要求及时传达给学生社团并做好在假期期间的管理和服务工作。</span></p><p style=\"color: rgb(67, 67, 67); font-family: 微软雅黑; font-size: 13px; white-space: normal; background-color: rgb(255, 255, 255); text-indent: 32px; line-height: 19.5px; text-align: justify;\"><span style=\"line-height: 24px; font-family: 宋体, SimSun; font-size: 16px;\">祝同学们假期愉快！</span></p><p><br/></p>', 'aaa', '2018-04-10 17:23:14', '各学院团委、校内学生社团: 为加强学生社团的管理，确保中秋节、国庆节放假期间社团学生人身安全以及公共财产安全，维持校园和谐稳定，现根据学校整体安排，对各学生社团作如下要求：一、中秋节、国庆节假期期间（2017年10月1日至2017年10月8日）以社团名义开展活动须向校团委申请，经批准后方可开展。各社团不能以社团名义开展聚会、旅游、支教等集体外出活动；二、新闻媒体对学生社团进行采访报道须遵守学校宣传工作的相关要求，学生社团事前须报党委宣传部审批；三、请学生社团注意防火防盗，在放假前检查活动场地和办公室，确保门窗、水、电关好。请学生社团认真遵守《四川大学学生社团管理条例》的相关规定，增强安全防范意识，严格遵守以上要求。请学院团委将相关工作要求及时传达给学生社团并做好在假期期间的管理和服务工作。祝同学们假期愉快！', '1');
INSERT INTO `news` VALUES ('50', '61', '关于举办2016年学生社团骨干培训班的通知', '<p style=\"box-sizing: border-box; padding: 0px; margin-top: 0px; margin-bottom: 0px; font-family: &quot;Microsoft YaHei&quot;, &quot;Open Sans&quot;, sans-serif; color: rgb(51, 51, 51); font-size: 14px; white-space: normal; background-color: rgb(255, 255, 255); line-height: 37px;\"><span style=\"box-sizing: border-box; padding: 0px; margin: 0px; font-family: 仿宋; font-size: 21px;\">各团总支、团委，各学生社团：</span></p><p style=\"box-sizing: border-box; padding: 0px; margin-top: 0px; margin-bottom: 10px; font-family: &quot;Microsoft YaHei&quot;, &quot;Open Sans&quot;, sans-serif; color: rgb(51, 51, 51); font-size: 14px; white-space: normal; background-color: rgb(255, 255, 255); line-height: 37px; text-indent: 43px;\"><span style=\"box-sizing: border-box; padding: 0px; margin: 0px; font-family: 仿宋; font-size: 21px;\">为</span><span style=\"box-sizing: border-box; padding: 0px; margin: 0px; font-family: 仿宋; font-size: 21px;\">促进校社联与院社联、各学生社团之间的沟通交流，提高社团骨干的综合素质和工作能力，更好的服务我校学生社团工作的改革与发展，</span><span style=\"box-sizing: border-box; padding: 0px; margin: 0px; font-family: 仿宋; font-size: 21px;\">特举办</span><span style=\"box-sizing: border-box; padding: 0px; margin: 0px; font-family: 仿宋; font-size: 21px;\">山东理工大学学生社团骨干培训班</span><span style=\"box-sizing: border-box; padding: 0px; margin: 0px; font-family: 仿宋; font-size: 21px;\">。现将有关事宜通知如下：</span></p><p style=\"box-sizing: border-box; padding: 0px; margin-top: 0px; margin-bottom: 10px; font-family: &quot;Microsoft YaHei&quot;, &quot;Open Sans&quot;, sans-serif; color: rgb(51, 51, 51); font-size: 14px; white-space: normal; background-color: rgb(255, 255, 255); line-height: 37px; text-indent: 43px;\"><strong style=\"box-sizing: border-box; padding: 0px; margin: 0px;\"><span style=\"box-sizing: border-box; padding: 0px; margin: 0px; font-family: 仿宋; font-size: 21px;\">一、培训时间</span></strong></p><p style=\"box-sizing: border-box; padding: 0px; margin-top: 0px; margin-bottom: 10px; font-family: &quot;Microsoft YaHei&quot;, &quot;Open Sans&quot;, sans-serif; color: rgb(51, 51, 51); font-size: 14px; white-space: normal; background-color: rgb(255, 255, 255); line-height: 37px; text-indent: 43px;\"><span style=\"box-sizing: border-box; padding: 0px; margin: 0px; font-family: 仿宋; font-size: 21px;\">2016</span><span style=\"box-sizing: border-box; padding: 0px; margin: 0px; font-family: 仿宋; font-size: 21px;\">年11月26日-12月11日</span></p><p style=\"box-sizing: border-box; padding: 0px; margin-top: 0px; margin-bottom: 10px; font-family: &quot;Microsoft YaHei&quot;, &quot;Open Sans&quot;, sans-serif; color: rgb(51, 51, 51); font-size: 14px; white-space: normal; background-color: rgb(255, 255, 255); line-height: 37px; text-indent: 43px;\"><strong style=\"box-sizing: border-box; padding: 0px; margin: 0px;\"><span style=\"box-sizing: border-box; padding: 0px; margin: 0px; font-family: 仿宋; font-size: 21px;\">二、培训对象</span></strong></p><p style=\"box-sizing: border-box; padding: 0px; margin-top: 0px; margin-bottom: 10px; font-family: &quot;Microsoft YaHei&quot;, &quot;Open Sans&quot;, sans-serif; color: rgb(51, 51, 51); font-size: 14px; white-space: normal; background-color: rgb(255, 255, 255); line-height: 37px; text-indent: 43px;\"><span style=\"box-sizing: border-box; padding: 0px; margin: 0px; font-family: 仿宋; font-size: 21px;\">校社联副部长及以上骨干，各院社联负责人，各学生社团会长</span></p><p style=\"box-sizing: border-box; padding: 0px; margin-top: 0px; margin-bottom: 10px; font-family: &quot;Microsoft YaHei&quot;, &quot;Open Sans&quot;, sans-serif; color: rgb(51, 51, 51); font-size: 14px; white-space: normal; background-color: rgb(255, 255, 255); line-height: 37px; text-indent: 43px;\"><strong style=\"box-sizing: border-box; padding: 0px; margin: 0px;\"><span style=\"box-sizing: border-box; padding: 0px; margin: 0px; font-family: 仿宋; font-size: 21px;\">三、培训形式</span></strong></p><p style=\"box-sizing: border-box; padding: 0px; margin-top: 0px; margin-bottom: 10px; font-family: &quot;Microsoft YaHei&quot;, &quot;Open Sans&quot;, sans-serif; color: rgb(51, 51, 51); font-size: 14px; white-space: normal; background-color: rgb(255, 255, 255); line-height: 37px; text-indent: 43px;\"><span style=\"box-sizing: border-box; padding: 0px; margin: 0px; font-family: 仿宋; font-size: 21px;\">专题讲座、社团论坛、主题实践、素质拓展等</span></p><p style=\"box-sizing: border-box; padding: 0px; margin-top: 0px; margin-bottom: 10px; font-family: &quot;Microsoft YaHei&quot;, &quot;Open Sans&quot;, sans-serif; color: rgb(51, 51, 51); font-size: 14px; white-space: normal; background-color: rgb(255, 255, 255); line-height: 37px; text-indent: 43px;\"><strong style=\"box-sizing: border-box; padding: 0px; margin: 0px;\"><span style=\"box-sizing: border-box; padding: 0px; margin: 0px; font-family: 仿宋; font-size: 21px;\">四、培训安排</span></strong></p><p style=\"box-sizing: border-box; padding: 0px; margin-top: 0px; margin-bottom: 10px; font-family: &quot;Microsoft YaHei&quot;, &quot;Open Sans&quot;, sans-serif; color: rgb(51, 51, 51); font-size: 14px; white-space: normal; background-color: rgb(255, 255, 255); line-height: 37px; text-indent: 43px;\"><strong style=\"box-sizing: border-box; padding: 0px; margin: 0px;\"><span style=\"box-sizing: border-box; padding: 0px; margin: 0px; font-family: 仿宋; font-size: 21px;\">1</span></strong><strong style=\"box-sizing: border-box; padding: 0px; margin: 0px;\"><span style=\"box-sizing: border-box; padding: 0px; margin: 0px; font-family: 仿宋; font-size: 21px;\">、专题讲座</span></strong></p><p style=\"box-sizing: border-box; padding: 0px; margin-top: 0px; margin-bottom: 10px; font-family: &quot;Microsoft YaHei&quot;, &quot;Open Sans&quot;, sans-serif; color: rgb(51, 51, 51); font-size: 14px; white-space: normal; background-color: rgb(255, 255, 255); line-height: 37px; text-indent: 43px;\"><span style=\"box-sizing: border-box; padding: 0px; margin: 0px; font-family: 仿宋; font-size: 21px;\">（1）专业指导教师在学生社团发展中的作用</span></p><p style=\"box-sizing: border-box; padding: 0px; margin-top: 0px; margin-bottom: 10px; font-family: &quot;Microsoft YaHei&quot;, &quot;Open Sans&quot;, sans-serif; color: rgb(51, 51, 51); font-size: 14px; white-space: normal; background-color: rgb(255, 255, 255); line-height: 37px; text-indent: 43px;\"><span style=\"box-sizing: border-box; padding: 0px; margin: 0px; font-family: 仿宋; font-size: 21px;\">主讲人：刘晓红</span></p><p style=\"box-sizing: border-box; padding: 0px; margin-top: 0px; margin-bottom: 10px; font-family: &quot;Microsoft YaHei&quot;, &quot;Open Sans&quot;, sans-serif; color: rgb(51, 51, 51); font-size: 14px; white-space: normal; background-color: rgb(255, 255, 255); line-height: 37px; text-indent: 43px;\"><span style=\"box-sizing: border-box; padding: 0px; margin: 0px; font-family: 仿宋; font-size: 21px;\">时间：2016年12月1日14:00</span></p><p style=\"box-sizing: border-box; padding: 0px; margin-top: 0px; margin-bottom: 10px; font-family: &quot;Microsoft YaHei&quot;, &quot;Open Sans&quot;, sans-serif; color: rgb(51, 51, 51); font-size: 14px; white-space: normal; background-color: rgb(255, 255, 255); line-height: 37px; text-indent: 43px;\"><span style=\"box-sizing: border-box; padding: 0px; margin: 0px; font-family: 仿宋; font-size: 21px;\">地点：4号教学楼</span></p><p style=\"box-sizing: border-box; padding: 0px; margin-top: 0px; margin-bottom: 10px; font-family: &quot;Microsoft YaHei&quot;, &quot;Open Sans&quot;, sans-serif; color: rgb(51, 51, 51); font-size: 14px; white-space: normal; background-color: rgb(255, 255, 255); line-height: 37px; text-indent: 43px;\"><span style=\"box-sizing: border-box; padding: 0px; margin: 0px; font-family: 仿宋; font-size: 21px;\">（2）社团工作制度解析</span></p><p style=\"box-sizing: border-box; padding: 0px; margin-top: 0px; margin-bottom: 10px; font-family: &quot;Microsoft YaHei&quot;, &quot;Open Sans&quot;, sans-serif; color: rgb(51, 51, 51); font-size: 14px; white-space: normal; background-color: rgb(255, 255, 255); line-height: 37px; text-indent: 43px;\"><span style=\"box-sizing: border-box; padding: 0px; margin: 0px; font-family: 仿宋; font-size: 21px;\">主讲人：巩方伟</span></p><p style=\"box-sizing: border-box; padding: 0px; margin-top: 0px; margin-bottom: 10px; font-family: &quot;Microsoft YaHei&quot;, &quot;Open Sans&quot;, sans-serif; color: rgb(51, 51, 51); font-size: 14px; white-space: normal; background-color: rgb(255, 255, 255); line-height: 37px; text-indent: 43px;\"><span style=\"box-sizing: border-box; padding: 0px; margin: 0px; font-family: 仿宋; font-size: 21px;\">时间：2016年12月1日16：00</span></p><p style=\"box-sizing: border-box; padding: 0px; margin-top: 0px; margin-bottom: 10px; font-family: &quot;Microsoft YaHei&quot;, &quot;Open Sans&quot;, sans-serif; color: rgb(51, 51, 51); font-size: 14px; white-space: normal; background-color: rgb(255, 255, 255); line-height: 37px; text-indent: 43px;\"><span style=\"box-sizing: border-box; padding: 0px; margin: 0px; font-family: 仿宋; font-size: 21px;\">地点：4号教学楼</span></p><p style=\"box-sizing: border-box; padding: 0px; margin-top: 0px; margin-bottom: 10px; font-family: &quot;Microsoft YaHei&quot;, &quot;Open Sans&quot;, sans-serif; color: rgb(51, 51, 51); font-size: 14px; white-space: normal; background-color: rgb(255, 255, 255); line-height: 37px; text-indent: 43px;\"><span style=\"box-sizing: border-box; padding: 0px; margin: 0px; font-family: 仿宋; font-size: 21px;\">（3）如何成为合格的学生社团骨干</span></p><p style=\"box-sizing: border-box; padding: 0px; margin-top: 0px; margin-bottom: 10px; font-family: &quot;Microsoft YaHei&quot;, &quot;Open Sans&quot;, sans-serif; color: rgb(51, 51, 51); font-size: 14px; white-space: normal; background-color: rgb(255, 255, 255); line-height: 37px; text-indent: 43px;\"><span style=\"box-sizing: border-box; padding: 0px; margin: 0px; font-family: 仿宋; font-size: 21px;\">主讲人：岳松</span></p><p style=\"box-sizing: border-box; padding: 0px; margin-top: 0px; margin-bottom: 10px; font-family: &quot;Microsoft YaHei&quot;, &quot;Open Sans&quot;, sans-serif; color: rgb(51, 51, 51); font-size: 14px; white-space: normal; background-color: rgb(255, 255, 255); line-height: 37px; text-indent: 43px;\"><span style=\"box-sizing: border-box; padding: 0px; margin: 0px; font-family: 仿宋; font-size: 21px;\">时间：2016年12月3日14:00</span></p><p style=\"box-sizing: border-box; padding: 0px; margin-top: 0px; margin-bottom: 10px; font-family: &quot;Microsoft YaHei&quot;, &quot;Open Sans&quot;, sans-serif; color: rgb(51, 51, 51); font-size: 14px; white-space: normal; background-color: rgb(255, 255, 255); line-height: 37px; text-indent: 43px;\"><span style=\"box-sizing: border-box; padding: 0px; margin: 0px; font-family: 仿宋; font-size: 21px;\">地点：4号教学楼</span></p><p style=\"box-sizing: border-box; padding: 0px; margin-top: 0px; margin-bottom: 10px; font-family: &quot;Microsoft YaHei&quot;, &quot;Open Sans&quot;, sans-serif; color: rgb(51, 51, 51); font-size: 14px; white-space: normal; background-color: rgb(255, 255, 255); line-height: 37px; text-indent: 43px;\"><strong style=\"box-sizing: border-box; padding: 0px; margin: 0px;\"><span style=\"box-sizing: border-box; padding: 0px; margin: 0px; font-family: 仿宋; font-size: 21px;\">2</span></strong><strong style=\"box-sizing: border-box; padding: 0px; margin: 0px;\"><span style=\"box-sizing: border-box; padding: 0px; margin: 0px; font-family: 仿宋; font-size: 21px;\">、社团论坛</span></strong></p><p style=\"box-sizing: border-box; padding: 0px; margin-top: 0px; margin-bottom: 10px; font-family: &quot;Microsoft YaHei&quot;, &quot;Open Sans&quot;, sans-serif; color: rgb(51, 51, 51); font-size: 14px; white-space: normal; background-color: rgb(255, 255, 255); line-height: 37px; text-indent: 43px;\"><span style=\"box-sizing: border-box; padding: 0px; margin: 0px; font-family: 仿宋; font-size: 21px;\">本次“社团论坛”共设置8个主题，采用2+X的模式，“2”即每位学员必须参加必选、定向2个主题论坛，“X”则可结合所在社联、社团现状，从5个自选主题内选择至少1个参加，各学员可根据自身情况和工作经验围绕所选主题进行讨论，由校社联同学负责记录，最终形成总结汇报上交至校团委。</span></p><p style=\"box-sizing: border-box; padding: 0px; margin-top: 0px; margin-bottom: 10px; font-family: &quot;Microsoft YaHei&quot;, &quot;Open Sans&quot;, sans-serif; color: rgb(51, 51, 51); font-size: 14px; white-space: normal; background-color: rgb(255, 255, 255); line-height: 37px; text-indent: 43px;\"><strong style=\"box-sizing: border-box; padding: 0px; margin: 0px;\"><span style=\"box-sizing: border-box; padding: 0px; margin: 0px; font-family: 仿宋; font-size: 21px;\">必选主题：</span></strong></p><p style=\"box-sizing: border-box; padding: 0px; margin-top: 0px; margin-bottom: 10px; font-family: &quot;Microsoft YaHei&quot;, &quot;Open Sans&quot;, sans-serif; color: rgb(51, 51, 51); font-size: 14px; white-space: normal; background-color: rgb(255, 255, 255); line-height: 37px; text-indent: 43px;\"><span style=\"box-sizing: border-box; padding: 0px; margin: 0px; font-family: 仿宋; font-size: 21px;\">（1）学生社团骨干培训班说明会</span></p><p style=\"box-sizing: border-box; padding: 0px; margin-top: 0px; margin-bottom: 10px; font-family: &quot;Microsoft YaHei&quot;, &quot;Open Sans&quot;, sans-serif; color: rgb(51, 51, 51); font-size: 14px; white-space: normal; background-color: rgb(255, 255, 255); line-height: 37px; text-indent: 43px;\"><span style=\"box-sizing: border-box; padding: 0px; margin: 0px; font-family: 仿宋; font-size: 21px;\">时间：2016年11月26日14：00-18:00</span></p><p style=\"box-sizing: border-box; padding: 0px; margin-top: 0px; margin-bottom: 10px; font-family: &quot;Microsoft YaHei&quot;, &quot;Open Sans&quot;, sans-serif; color: rgb(51, 51, 51); font-size: 14px; white-space: normal; background-color: rgb(255, 255, 255); line-height: 37px; text-indent: 43px;\"><span style=\"box-sizing: border-box; padding: 0px; margin: 0px; font-family: 仿宋; font-size: 21px;\">地点：4号教学楼</span></p><p style=\"box-sizing: border-box; padding: 0px; margin-top: 0px; margin-bottom: 10px; font-family: &quot;Microsoft YaHei&quot;, &quot;Open Sans&quot;, sans-serif; color: rgb(51, 51, 51); font-size: 14px; white-space: normal; background-color: rgb(255, 255, 255); line-height: 37px; text-indent: 43px;\"><span style=\"box-sizing: border-box; padding: 0px; margin: 0px; font-family: 仿宋; font-size: 21px;\">参与人员：全体学员</span></p><p style=\"box-sizing: border-box; padding: 0px; margin-top: 0px; margin-bottom: 10px; font-family: &quot;Microsoft YaHei&quot;, &quot;Open Sans&quot;, sans-serif; color: rgb(51, 51, 51); font-size: 14px; white-space: normal; background-color: rgb(255, 255, 255); line-height: 37px; text-indent: 43px;\"><strong style=\"box-sizing: border-box; padding: 0px; margin: 0px;\"><span style=\"box-sizing: border-box; padding: 0px; margin: 0px; font-family: 仿宋; font-size: 21px;\">定向主题：</span></strong></p><p style=\"box-sizing: border-box; padding: 0px; margin-top: 0px; margin-bottom: 10px; font-family: &quot;Microsoft YaHei&quot;, &quot;Open Sans&quot;, sans-serif; color: rgb(51, 51, 51); font-size: 14px; white-space: normal; background-color: rgb(255, 255, 255); line-height: 37px; text-indent: 43px;\"><span style=\"box-sizing: border-box; padding: 0px; margin: 0px; font-family: 仿宋; font-size: 21px;\">（2）社联经验座谈会</span></p><p style=\"box-sizing: border-box; padding: 0px; margin-top: 0px; margin-bottom: 10px; font-family: &quot;Microsoft YaHei&quot;, &quot;Open Sans&quot;, sans-serif; color: rgb(51, 51, 51); font-size: 14px; white-space: normal; background-color: rgb(255, 255, 255); line-height: 37px; text-indent: 43px;\"><span style=\"box-sizing: border-box; padding: 0px; margin: 0px; font-family: 仿宋; font-size: 21px;\">时间：2016年11月26日19:00-21:00</span></p><p style=\"box-sizing: border-box; padding: 0px; margin-top: 0px; margin-bottom: 10px; font-family: &quot;Microsoft YaHei&quot;, &quot;Open Sans&quot;, sans-serif; color: rgb(51, 51, 51); font-size: 14px; white-space: normal; background-color: rgb(255, 255, 255); line-height: 37px; text-indent: 43px;\"><span style=\"box-sizing: border-box; padding: 0px; margin: 0px; font-family: 仿宋; font-size: 21px;\">地点：学生社团文化园</span></p><p style=\"box-sizing: border-box; padding: 0px; margin-top: 0px; margin-bottom: 10px; font-family: &quot;Microsoft YaHei&quot;, &quot;Open Sans&quot;, sans-serif; color: rgb(51, 51, 51); font-size: 14px; white-space: normal; background-color: rgb(255, 255, 255); line-height: 37px; text-indent: 43px;\"><span style=\"box-sizing: border-box; padding: 0px; margin: 0px; font-family: 仿宋; font-size: 21px;\">参与人员：校社联部长及以上、各院社联负责人</span></p><p style=\"box-sizing: border-box; padding: 0px; margin-top: 0px; margin-bottom: 10px; font-family: &quot;Microsoft YaHei&quot;, &quot;Open Sans&quot;, sans-serif; color: rgb(51, 51, 51); font-size: 14px; white-space: normal; background-color: rgb(255, 255, 255); line-height: 37px; text-indent: 43px;\"><span style=\"box-sizing: border-box; padding: 0px; margin: 0px; font-family: 仿宋; font-size: 21px;\">（3）社团经验座谈会</span></p><p style=\"box-sizing: border-box; padding: 0px; margin-top: 0px; margin-bottom: 10px; font-family: &quot;Microsoft YaHei&quot;, &quot;Open Sans&quot;, sans-serif; color: rgb(51, 51, 51); font-size: 14px; white-space: normal; background-color: rgb(255, 255, 255); line-height: 37px; text-indent: 43px;\"><span style=\"box-sizing: border-box; padding: 0px; margin: 0px; font-family: 仿宋; font-size: 21px;\">时间：2016年11月27日14:00-17:00</span></p><p style=\"box-sizing: border-box; padding: 0px; margin-top: 0px; margin-bottom: 10px; font-family: &quot;Microsoft YaHei&quot;, &quot;Open Sans&quot;, sans-serif; color: rgb(51, 51, 51); font-size: 14px; white-space: normal; background-color: rgb(255, 255, 255); line-height: 37px; text-indent: 43px;\"><span style=\"box-sizing: border-box; padding: 0px; margin: 0px; font-family: 仿宋; font-size: 21px;\">地点：4号教学楼</span></p><p style=\"box-sizing: border-box; padding: 0px; margin-top: 0px; margin-bottom: 10px; font-family: &quot;Microsoft YaHei&quot;, &quot;Open Sans&quot;, sans-serif; color: rgb(51, 51, 51); font-size: 14px; white-space: normal; background-color: rgb(255, 255, 255); line-height: 37px; text-indent: 43px;\"><span style=\"box-sizing: border-box; padding: 0px; margin: 0px; font-family: 仿宋; font-size: 21px;\">参与人员：校社联副部长及以上、各社团会长</span></p><p style=\"box-sizing: border-box; padding: 0px; margin-top: 0px; margin-bottom: 10px; font-family: &quot;Microsoft YaHei&quot;, &quot;Open Sans&quot;, sans-serif; color: rgb(51, 51, 51); font-size: 14px; white-space: normal; background-color: rgb(255, 255, 255); line-height: 37px; text-indent: 43px;\"><strong style=\"box-sizing: border-box; padding: 0px; margin: 0px;\"><span style=\"box-sizing: border-box; padding: 0px; margin: 0px; font-family: 仿宋; font-size: 21px;\">自选主题：</span></strong></p><p style=\"box-sizing: border-box; padding: 0px; margin-top: 0px; margin-bottom: 10px; font-family: &quot;Microsoft YaHei&quot;, &quot;Open Sans&quot;, sans-serif; color: rgb(51, 51, 51); font-size: 14px; white-space: normal; background-color: rgb(255, 255, 255); line-height: 37px; text-indent: 43px;\"><span style=\"box-sizing: border-box; padding: 0px; margin: 0px; font-family: 仿宋; font-size: 21px;\">（4）</span><span style=\"box-sizing: border-box; padding: 0px; margin: 0px; font-family: 仿宋; color: black; font-size: 21px;\">社团论坛之“是否应该落实规范制度”</span></p><p style=\"box-sizing: border-box; padding: 0px; margin-top: 0px; margin-bottom: 10px; font-family: &quot;Microsoft YaHei&quot;, &quot;Open Sans&quot;, sans-serif; color: rgb(51, 51, 51); font-size: 14px; white-space: normal; background-color: rgb(255, 255, 255); line-height: 37px; text-indent: 43px;\"><span style=\"box-sizing: border-box; padding: 0px; margin: 0px; font-family: 仿宋; font-size: 21px;\">时间：2016年11月29日19:00-21:00</span></p><p style=\"box-sizing: border-box; padding: 0px; margin-top: 0px; margin-bottom: 10px; font-family: &quot;Microsoft YaHei&quot;, &quot;Open Sans&quot;, sans-serif; color: rgb(51, 51, 51); font-size: 14px; white-space: normal; background-color: rgb(255, 255, 255); line-height: 37px; text-indent: 43px;\"><span style=\"box-sizing: border-box; padding: 0px; margin: 0px; font-family: 仿宋; font-size: 21px;\">地点：学生社团文化园</span></p><p style=\"box-sizing: border-box; padding: 0px; margin-top: 0px; margin-bottom: 10px; font-family: &quot;Microsoft YaHei&quot;, &quot;Open Sans&quot;, sans-serif; color: rgb(51, 51, 51); font-size: 14px; white-space: normal; background-color: rgb(255, 255, 255); line-height: 37px; text-indent: 43px;\"><span style=\"box-sizing: border-box; padding: 0px; margin: 0px; font-family: 仿宋; font-size: 21px;\">（5）</span><span style=\"box-sizing: border-box; padding: 0px; margin: 0px; font-family: 仿宋; color: black; font-size: 21px;\">社团论坛之“社团资料的整理与交接”</span></p><p style=\"box-sizing: border-box; padding: 0px; margin-top: 0px; margin-bottom: 10px; font-family: &quot;Microsoft YaHei&quot;, &quot;Open Sans&quot;, sans-serif; color: rgb(51, 51, 51); font-size: 14px; white-space: normal; background-color: rgb(255, 255, 255); line-height: 37px; text-indent: 43px;\"><span style=\"box-sizing: border-box; padding: 0px; margin: 0px; font-family: 仿宋; font-size: 21px;\">时间：2016年12月1日19:00-21:00</span></p><p style=\"box-sizing: border-box; padding: 0px; margin-top: 0px; margin-bottom: 10px; font-family: &quot;Microsoft YaHei&quot;, &quot;Open Sans&quot;, sans-serif; color: rgb(51, 51, 51); font-size: 14px; white-space: normal; background-color: rgb(255, 255, 255); line-height: 37px; text-indent: 43px;\"><span style=\"box-sizing: border-box; padding: 0px; margin: 0px; font-family: 仿宋; font-size: 21px;\">地点：学生社团文化园</span></p><p style=\"box-sizing: border-box; padding: 0px; margin-top: 0px; margin-bottom: 10px; font-family: &quot;Microsoft YaHei&quot;, &quot;Open Sans&quot;, sans-serif; color: rgb(51, 51, 51); font-size: 14px; white-space: normal; background-color: rgb(255, 255, 255); line-height: 37px; text-indent: 43px;\"><span style=\"box-sizing: border-box; padding: 0px; margin: 0px; font-family: 仿宋; font-size: 21px;\">（6）</span><span style=\"box-sizing: border-box; padding: 0px; margin: 0px; font-family: 仿宋; color: black; font-size: 21px;\">社团论坛之“赞助资源整合如何实施”</span></p><p style=\"box-sizing: border-box; padding: 0px; margin-top: 0px; margin-bottom: 10px; font-family: &quot;Microsoft YaHei&quot;, &quot;Open Sans&quot;, sans-serif; color: rgb(51, 51, 51); font-size: 14px; white-space: normal; background-color: rgb(255, 255, 255); line-height: 37px; text-indent: 43px;\"><span style=\"box-sizing: border-box; padding: 0px; margin: 0px; font-family: 仿宋; font-size: 21px;\">时间：2016年12月2日19:00-21:00</span></p><p style=\"box-sizing: border-box; padding: 0px; margin-top: 0px; margin-bottom: 10px; font-family: &quot;Microsoft YaHei&quot;, &quot;Open Sans&quot;, sans-serif; color: rgb(51, 51, 51); font-size: 14px; white-space: normal; background-color: rgb(255, 255, 255); line-height: 37px; text-indent: 43px;\"><span style=\"box-sizing: border-box; padding: 0px; margin: 0px; font-family: 仿宋; font-size: 21px;\">地点：学生社团文化园</span></p><p style=\"box-sizing: border-box; padding: 0px; margin-top: 0px; margin-bottom: 10px; font-family: &quot;Microsoft YaHei&quot;, &quot;Open Sans&quot;, sans-serif; color: rgb(51, 51, 51); font-size: 14px; white-space: normal; background-color: rgb(255, 255, 255); line-height: 37px; text-indent: 43px;\"><span style=\"box-sizing: border-box; padding: 0px; margin: 0px; font-family: 仿宋; font-size: 21px;\">（7）</span><span style=\"box-sizing: border-box; padding: 0px; margin: 0px; font-family: 仿宋; color: black; font-size: 21px;\">社团论坛之“会费相关问题”</span></p><p style=\"box-sizing: border-box; padding: 0px; margin-top: 0px; margin-bottom: 10px; font-family: &quot;Microsoft YaHei&quot;, &quot;Open Sans&quot;, sans-serif; color: rgb(51, 51, 51); font-size: 14px; white-space: normal; background-color: rgb(255, 255, 255); line-height: 37px; text-indent: 43px;\"><span style=\"box-sizing: border-box; padding: 0px; margin: 0px; font-family: 仿宋; font-size: 21px;\">时间：2016年12月3日16:00-18:00</span></p><p style=\"box-sizing: border-box; padding: 0px; margin-top: 0px; margin-bottom: 10px; font-family: &quot;Microsoft YaHei&quot;, &quot;Open Sans&quot;, sans-serif; color: rgb(51, 51, 51); font-size: 14px; white-space: normal; background-color: rgb(255, 255, 255); line-height: 37px; text-indent: 43px;\"><span style=\"box-sizing: border-box; padding: 0px; margin: 0px; font-family: 仿宋; font-size: 21px;\">地点：学生社团文化园</span></p><p style=\"box-sizing: border-box; padding: 0px; margin-top: 0px; margin-bottom: 10px; font-family: &quot;Microsoft YaHei&quot;, &quot;Open Sans&quot;, sans-serif; color: rgb(51, 51, 51); font-size: 14px; white-space: normal; background-color: rgb(255, 255, 255); line-height: 37px; text-indent: 43px;\"><span style=\"box-sizing: border-box; padding: 0px; margin: 0px; font-family: 仿宋; font-size: 21px;\">（8）</span><span style=\"box-sizing: border-box; padding: 0px; margin: 0px; font-family: 仿宋; color: black; font-size: 21px;\">社团论坛之“活动监察的苦恼”</span></p><p style=\"box-sizing: border-box; padding: 0px; margin-top: 0px; margin-bottom: 10px; font-family: &quot;Microsoft YaHei&quot;, &quot;Open Sans&quot;, sans-serif; color: rgb(51, 51, 51); font-size: 14px; white-space: normal; background-color: rgb(255, 255, 255); line-height: 37px; text-indent: 43px;\"><span style=\"box-sizing: border-box; padding: 0px; margin: 0px; font-family: 仿宋; font-size: 21px;\">时间：2016年12月3日19:00-21:00</span></p><p style=\"box-sizing: border-box; padding: 0px; margin-top: 0px; margin-bottom: 10px; font-family: &quot;Microsoft YaHei&quot;, &quot;Open Sans&quot;, sans-serif; color: rgb(51, 51, 51); font-size: 14px; white-space: normal; background-color: rgb(255, 255, 255); line-height: 37px; text-indent: 43px;\"><span style=\"box-sizing: border-box; padding: 0px; margin: 0px; font-family: 仿宋; font-size: 21px;\">地点：学生社团文化园</span></p><p style=\"box-sizing: border-box; padding: 0px; margin-top: 0px; margin-bottom: 10px; font-family: &quot;Microsoft YaHei&quot;, &quot;Open Sans&quot;, sans-serif; color: rgb(51, 51, 51); font-size: 14px; white-space: normal; background-color: rgb(255, 255, 255); line-height: 37px; text-indent: 43px;\"><strong style=\"box-sizing: border-box; padding: 0px; margin: 0px;\"><span style=\"box-sizing: border-box; padding: 0px; margin: 0px; font-family: 仿宋; font-size: 21px;\">3</span></strong><strong style=\"box-sizing: border-box; padding: 0px; margin: 0px;\"><span style=\"box-sizing: border-box; padding: 0px; margin: 0px; font-family: 仿宋; font-size: 21px;\">、主题实践</span></strong></p><p style=\"box-sizing: border-box; padding: 0px; margin-top: 0px; margin-bottom: 10px; font-family: &quot;Microsoft YaHei&quot;, &quot;Open Sans&quot;, sans-serif; color: rgb(51, 51, 51); font-size: 14px; white-space: normal; background-color: rgb(255, 255, 255); line-height: 37px; text-indent: 43px;\"><span style=\"box-sizing: border-box; padding: 0px; margin: 0px; font-family: 仿宋; font-size: 21px;\">主题：缤纷社团 逐梦青春</span></p><p style=\"box-sizing: border-box; padding: 0px; margin-top: 0px; margin-bottom: 10px; font-family: &quot;Microsoft YaHei&quot;, &quot;Open Sans&quot;, sans-serif; color: rgb(51, 51, 51); font-size: 14px; white-space: normal; background-color: rgb(255, 255, 255); line-height: 37px; text-indent: 43px;\"><span style=\"box-sizing: border-box; padding: 0px; margin: 0px; font-family: 仿宋; font-size: 21px;\">内容：学员结合此主题，以小组为单位策划一次活动，鼓励大家结合各社团特点、充分利用各社团资源，为本届社团文化节增添光彩。</span></p><p style=\"box-sizing: border-box; padding: 0px; margin-top: 0px; margin-bottom: 10px; font-family: &quot;Microsoft YaHei&quot;, &quot;Open Sans&quot;, sans-serif; color: rgb(51, 51, 51); font-size: 14px; white-space: normal; background-color: rgb(255, 255, 255); line-height: 37px; text-indent: 43px;\"><span style=\"box-sizing: border-box; padding: 0px; margin: 0px; font-family: 仿宋; font-size: 21px;\">时间：2016年11月26日-12月10日</span></p><p style=\"box-sizing: border-box; padding: 0px; margin-top: 0px; margin-bottom: 10px; font-family: &quot;Microsoft YaHei&quot;, &quot;Open Sans&quot;, sans-serif; color: rgb(51, 51, 51); font-size: 14px; white-space: normal; background-color: rgb(255, 255, 255); line-height: 37px; text-indent: 43px;\"><strong style=\"box-sizing: border-box; padding: 0px; margin: 0px;\"><span style=\"box-sizing: border-box; padding: 0px; margin: 0px; font-family: 仿宋; font-size: 21px;\">4</span></strong><strong style=\"box-sizing: border-box; padding: 0px; margin: 0px;\"><span style=\"box-sizing: border-box; padding: 0px; margin: 0px; font-family: 仿宋; font-size: 21px;\">、素质拓展</span></strong></p><p style=\"box-sizing: border-box; padding: 0px; margin-top: 0px; margin-bottom: 10px; font-family: &quot;Microsoft YaHei&quot;, &quot;Open Sans&quot;, sans-serif; color: rgb(51, 51, 51); font-size: 14px; white-space: normal; background-color: rgb(255, 255, 255); line-height: 37px; text-indent: 43px;\"><span style=\"box-sizing: border-box; padding: 0px; margin: 0px; font-family: 仿宋; font-size: 21px;\">时间：2016年12月4日14:00-17:00</span></p><p style=\"box-sizing: border-box; padding: 0px; margin-top: 0px; margin-bottom: 10px; font-family: &quot;Microsoft YaHei&quot;, &quot;Open Sans&quot;, sans-serif; color: rgb(51, 51, 51); font-size: 14px; white-space: normal; background-color: rgb(255, 255, 255); line-height: 37px; text-indent: 43px;\"><span style=\"box-sizing: border-box; padding: 0px; margin: 0px; font-family: 仿宋; font-size: 21px;\">地点：稷下湖周边区域</span></p><p style=\"box-sizing: border-box; padding: 0px; margin-top: 0px; margin-bottom: 10px; font-family: &quot;Microsoft YaHei&quot;, &quot;Open Sans&quot;, sans-serif; color: rgb(51, 51, 51); font-size: 14px; white-space: normal; background-color: rgb(255, 255, 255); line-height: 37px; text-indent: 43px;\"><strong style=\"box-sizing: border-box; padding: 0px; margin: 0px;\"><span style=\"box-sizing: border-box; padding: 0px; margin: 0px; font-family: 仿宋; font-size: 21px;\">5</span></strong><strong style=\"box-sizing: border-box; padding: 0px; margin: 0px;\"><span style=\"box-sizing: border-box; padding: 0px; margin: 0px; font-family: 仿宋; font-size: 21px;\">、学生社团骨干培训班结业交流会</span></strong></p><p style=\"box-sizing: border-box; padding: 0px; margin-top: 0px; margin-bottom: 10px; font-family: &quot;Microsoft YaHei&quot;, &quot;Open Sans&quot;, sans-serif; color: rgb(51, 51, 51); font-size: 14px; white-space: normal; background-color: rgb(255, 255, 255); line-height: 37px; text-indent: 43px;\"><span style=\"box-sizing: border-box; padding: 0px; margin: 0px; font-family: 仿宋; font-size: 21px;\">时间：2016年12月11日19:00-21:00</span></p><p style=\"box-sizing: border-box; padding: 0px; margin-top: 0px; margin-bottom: 10px; font-family: &quot;Microsoft YaHei&quot;, &quot;Open Sans&quot;, sans-serif; color: rgb(51, 51, 51); font-size: 14px; white-space: normal; background-color: rgb(255, 255, 255); line-height: 37px; text-indent: 43px;\"><span style=\"box-sizing: border-box; padding: 0px; margin: 0px; font-family: 仿宋; font-size: 21px;\">地点：三号报告厅</span></p><p style=\"box-sizing: border-box; padding: 0px; margin-top: 0px; margin-bottom: 10px; font-family: &quot;Microsoft YaHei&quot;, &quot;Open Sans&quot;, sans-serif; color: rgb(51, 51, 51); font-size: 14px; white-space: normal; background-color: rgb(255, 255, 255); line-height: 37px; text-indent: 43px;\"><strong style=\"box-sizing: border-box; padding: 0px; margin: 0px;\"><span style=\"box-sizing: border-box; padding: 0px; margin: 0px; font-family: 仿宋; font-size: 21px;\">五、具体要求</span></strong></p><p style=\"box-sizing: border-box; padding: 0px; margin-top: 0px; margin-bottom: 10px; font-family: &quot;Microsoft YaHei&quot;, &quot;Open Sans&quot;, sans-serif; color: rgb(51, 51, 51); font-size: 14px; white-space: normal; background-color: rgb(255, 255, 255); line-height: 37px; text-indent: 43px;\"><span style=\"box-sizing: border-box; padding: 0px; margin: 0px; font-family: 仿宋; font-size: 21px;\">1</span><span style=\"box-sizing: border-box; padding: 0px; margin: 0px; font-family: 仿宋; font-size: 21px;\">、本次学生社团骨干培训班实行百分制综合考评，内容包含：主题实践（50%）、考勤（30%）和总结（20%），60分及以上为合格；</span></p><p style=\"box-sizing: border-box; padding: 0px; margin-top: 0px; margin-bottom: 10px; font-family: &quot;Microsoft YaHei&quot;, &quot;Open Sans&quot;, sans-serif; color: rgb(51, 51, 51); font-size: 14px; white-space: normal; background-color: rgb(255, 255, 255); line-height: 37px; text-indent: 43px;\"><span style=\"box-sizing: border-box; padding: 0px; margin: 0px; font-family: 仿宋; font-size: 21px;\">2</span><span style=\"box-sizing: border-box; padding: 0px; margin: 0px; font-family: 仿宋; font-size: 21px;\">、学员应遵守纪律，按时参加培训，不得中途退席，无故旷课，</span><span style=\"box-sizing: border-box; padding: 0px; margin: 0px; font-family: 仿宋; font-size: 21px;\">校社联负责学员考勤工作并公示考勤结果</span><span style=\"box-sizing: border-box; padding: 0px; margin: 0px; font-family: 仿宋; font-size: 21px;\">；</span></p><p style=\"box-sizing: border-box; padding: 0px; margin-top: 0px; margin-bottom: 10px; font-family: &quot;Microsoft YaHei&quot;, &quot;Open Sans&quot;, sans-serif; color: rgb(51, 51, 51); font-size: 14px; white-space: normal; background-color: rgb(255, 255, 255); line-height: 37px; text-indent: 43px;\"><span style=\"box-sizing: border-box; padding: 0px; margin: 0px; font-family: 仿宋; font-size: 21px;\">3</span><span style=\"box-sizing: border-box; padding: 0px; margin: 0px; font-family: 仿宋; font-size: 21px;\">、学员在培训期间要做好培训笔记，校社联会进行抽查；</span></p><p style=\"box-sizing: border-box; padding: 0px; margin-top: 0px; margin-bottom: 10px; font-family: &quot;Microsoft YaHei&quot;, &quot;Open Sans&quot;, sans-serif; color: rgb(51, 51, 51); font-size: 14px; white-space: normal; background-color: rgb(255, 255, 255); line-height: 37px; text-indent: 43px;\"><span style=\"box-sizing: border-box; padding: 0px; margin: 0px; font-family: 仿宋; font-size: 21px;\">4</span><span style=\"box-sizing: border-box; padding: 0px; margin: 0px; font-family: 仿宋; font-size: 21px;\">、培训结束一周内各学员需向校社联提交一篇个人总结，内容为培训体会及对我校社团发展的建议；</span></p><p style=\"box-sizing: border-box; padding: 0px; margin-top: 0px; margin-bottom: 10px; font-family: &quot;Microsoft YaHei&quot;, &quot;Open Sans&quot;, sans-serif; color: rgb(51, 51, 51); font-size: 14px; white-space: normal; background-color: rgb(255, 255, 255); line-height: 37px; text-indent: 43px;\"><span style=\"box-sizing: border-box; padding: 0px; margin: 0px; font-family: 仿宋; font-size: 21px;\">5</span><span style=\"box-sizing: border-box; padding: 0px; margin: 0px; font-family: 仿宋; font-size: 21px;\">、</span><span style=\"box-sizing: border-box; padding: 0px; margin: 0px; font-family: 仿宋; font-size: 21px;\">完成培训且考评合格的学生社团骨干由校团委统一颁发结业证书</span><span style=\"box-sizing: border-box; padding: 0px; margin: 0px; font-family: 仿宋; font-size: 21px;\">；</span></p><p style=\"box-sizing: border-box; padding: 0px; margin-top: 0px; margin-bottom: 10px; font-family: &quot;Microsoft YaHei&quot;, &quot;Open Sans&quot;, sans-serif; color: rgb(51, 51, 51); font-size: 14px; white-space: normal; background-color: rgb(255, 255, 255); line-height: 37px; text-indent: 43px;\"><span style=\"box-sizing: border-box; padding: 0px; margin: 0px; font-family: 仿宋; font-size: 21px;\">6</span><span style=\"box-sizing: border-box; padding: 0px; margin: 0px; font-family: 仿宋; font-size: 21px;\">、未尽事宜，另行通知。</span></p><p style=\"box-sizing: border-box; padding: 0px; margin-top: 0px; margin-bottom: 10px; font-family: &quot;Microsoft YaHei&quot;, &quot;Open Sans&quot;, sans-serif; color: rgb(51, 51, 51); font-size: 14px; white-space: normal; background-color: rgb(255, 255, 255); line-height: 37px; text-indent: 43px;\"><span style=\"box-sizing: border-box; padding: 0px; margin: 0px; font-family: 仿宋; font-size: 21px;\">&nbsp;</span></p><p style=\"box-sizing: border-box; padding: 0px; margin-top: 0px; margin-bottom: 10px; font-family: &quot;Microsoft YaHei&quot;, &quot;Open Sans&quot;, sans-serif; color: rgb(51, 51, 51); font-size: 14px; white-space: normal; background-color: rgb(255, 255, 255); line-height: 37px; text-indent: 43px;\"><span style=\"box-sizing: border-box; padding: 0px; margin: 0px; font-family: 仿宋; font-size: 21px;\">&nbsp;&nbsp;&nbsp;&nbsp;&nbsp;&nbsp;&nbsp;&nbsp;&nbsp;&nbsp;&nbsp;&nbsp;&nbsp;&nbsp;&nbsp;&nbsp;&nbsp;&nbsp;&nbsp;&nbsp;&nbsp;&nbsp;&nbsp;&nbsp;&nbsp;&nbsp;&nbsp;&nbsp;&nbsp;&nbsp;&nbsp;&nbsp;&nbsp;&nbsp; &nbsp;&nbsp;&nbsp;&nbsp;&nbsp;&nbsp;&nbsp;&nbsp;&nbsp;&nbsp;</span><span style=\"box-sizing: border-box; padding: 0px; margin: 0px; font-family: 仿宋; font-size: 21px;\">校团委</span></p><p style=\"box-sizing: border-box; padding: 0px; margin-top: 0px; margin-bottom: 10px; font-family: &quot;Microsoft YaHei&quot;, &quot;Open Sans&quot;, sans-serif; color: rgb(51, 51, 51); font-size: 14px; white-space: normal; background-color: rgb(255, 255, 255); text-align: right; line-height: 37px; text-indent: 43px;\"><span style=\"box-sizing: border-box; padding: 0px; margin: 0px; font-family: 仿宋; font-size: 21px;\">校学生社团联合会</span></p><p style=\"box-sizing: border-box; padding: 0px; margin-top: 0px; margin-bottom: 10px; font-family: &quot;Microsoft YaHei&quot;, &quot;Open Sans&quot;, sans-serif; color: rgb(51, 51, 51); font-size: 14px; white-space: normal; background-color: rgb(255, 255, 255); text-align: right; line-height: 37px; text-indent: 43px;\"><span style=\"box-sizing: border-box; padding: 0px; margin: 0px; font-family: 仿宋; font-size: 21px;\">2016</span><span style=\"box-sizing: border-box; padding: 0px; margin: 0px; font-family: 仿宋; font-size: 21px;\">年11月25日</span></p><p><br/></p>', 'asd', '2018-04-13 12:43:36', '各团总支、团委，各学生社团：为促进校社联与院社联、各学生社团之间的沟通交流，提高社团骨干的综合素质和工作能力，更好的服务我校学生社团工作的改革与发展，特举办山东理工大学学生社团骨干培训班。现将有关事宜通知如下：一、培训时间2016年11月26日-12月11日二、培训对象校社联副部长及以上骨干，各院社联负责人，各学生社团会长三、培训形式专题讲座、社团论坛、主题实践、素质拓展等四、培训安排1、专题讲座（1）专业指导教师在学生社团发展中的作用主讲人：刘晓红时间：2016年12月1日14:00地点：4号教学楼（2）社团工作制度解析主讲人：巩方伟时间：2016年12月1日16：00地点：4号教学楼（3）如何成为合格的学生社团骨干主讲人：岳松时间：2016年12月3日14:00地点：4号教学楼2、社团论坛本次“社团论坛”共设置8个主题，采用2+X的模式，“2”即每位学员必须参加必选、定向2个主题论坛，“X”则可结合所在社联、社团现状，从5个自选主题内选择至少1个参加，各学员可根据自身情况和工作经验围绕所选主题进行讨论，由校社联同学负责记录，最终形成总结汇报上交至校团委。必选主题：（1）学生社团骨干培训班说明会时间：2016年11月26日14：00-18:00地点：4号教学楼参与人员：全体学员定向主题：（2）社联经验座谈会时间：2016年11月26日19:00-21:00地点：学生社团文化园参与人员：校社联部长及以上、各院社联负责人（3）社团经验座谈会时间：2016年11月27日14:00-17:00地点：4号教学楼参与人员：校社联副部长及以上、各社团会长自选主题：（4）社团论坛之“是否应该落实规范制度”时间：2016年11月29日19:00-21:00地点：学生社团文化园（5）社团论坛之“社团资料的整理与交接”时间：2016年12月1日19:00-21:00地点：学生社团文化园（6）社团论坛之“赞助资源整合如何实施”时间：2016年12月2日19:00-21:00地点：学生社团文化园（7）社团论坛之“会费相关问题”时间：2016年12月3日16:00-18:00地点：学生社团文化园（8）社团论坛之“活动监察的苦恼”时间：2016年12月3日19:00-21:00地点：学生社团文化园3、主题实践主题：缤纷社团 逐梦青春内容：学员结合此主题，以小组为单位策划一次活动，鼓励大家结合各社团特点、充分利用各社团资源，为本届社团文化节增添光彩。时间：2016年11月26日-12月10日4、素质拓展时间：2016年12月4日14:00-17:00地点：稷下湖周边区域5、学生社团骨干培训班结业交流会时间：2016年12月11日19:00-21:00地点：三号报告厅五、具体要求1、本次学生社团骨干培训班实行百分制综合考评，内容包含：主题实践（50%）、考勤（30%）和总结（20%），60分及以上为合格；2、学员应遵守纪律，按时参加培训，不得中途退席，无故旷课，校社联负责学员考勤工作并公示考勤结果；3、学员在培训期间要做好培训笔记，校社联会进行抽查；4、培训结束一周内各学员需向校社联提交一篇个人总结，内容为培训体会及对我校社团发展的建议；5、完成培训且考评合格的学生社团骨干由校团委统一颁发结业证书；6、未尽事宜，另行通知。                                              校团委校学生社团联合会2016年11月25日', '0');
INSERT INTO `news` VALUES ('55', '38', '关于征集山东理工大学第二届社团文化节活动项目的通知', '<p style=\"box-sizing: border-box; padding: 0px; margin-top: 0px; margin-bottom: 10px; font-family: &quot;Microsoft YaHei&quot;, &quot;Open Sans&quot;, sans-serif; color: rgb(51, 51, 51); font-size: 14px; white-space: normal; line-height: 37px; background: white;\"><span style=\"box-sizing: border-box; padding: 0px; margin: 0px; font-family: 仿宋; font-size: 21px; background-image: initial; background-position: initial; background-size: initial; background-repeat: initial; background-attachment: initial; background-origin: initial; background-clip: initial;\">各团总支、团委，各学生社团：</span></p><p style=\"box-sizing: border-box; padding: 0px; margin-top: 0px; margin-bottom: 10px; font-family: &quot;Microsoft YaHei&quot;, &quot;Open Sans&quot;, sans-serif; color: rgb(51, 51, 51); font-size: 14px; white-space: normal; text-indent: 43px; line-height: 37px; background: white;\"><span style=\"box-sizing: border-box; padding: 0px; margin: 0px; font-family: 仿宋; font-size: 21px; background-image: initial; background-position: initial; background-size: initial; background-repeat: initial; background-attachment: initial; background-origin: initial; background-clip: initial;\">为进一步扩大学生社团品牌活动的影响力，充分发挥学生社团活动在繁荣校园文化生活中的积极作用，校团委拟于十一月举办山东理工大学第二届社团文化节。为使社团文化节更加贴近社团实际，满足广大社团会员需求，现面向全校学生社团征集活动项目。具体通知如下：</span></p><p style=\"box-sizing: border-box; padding: 0px; margin-top: 0px; margin-bottom: 10px; font-family: &quot;Microsoft YaHei&quot;, &quot;Open Sans&quot;, sans-serif; color: rgb(51, 51, 51); font-size: 14px; white-space: normal; text-indent: 46px; line-height: 37px; background: white;\"><strong style=\"box-sizing: border-box; padding: 0px; margin: 0px;\"><span style=\"box-sizing: border-box; padding: 0px; margin: 0px; font-size: 21px; background-image: initial; background-position: initial; background-size: initial; background-repeat: initial; background-attachment: initial; background-origin: initial; background-clip: initial;\">一、征集内容</span></strong></p><p style=\"box-sizing: border-box; padding: 0px; margin-top: 0px; margin-bottom: 10px; font-family: &quot;Microsoft YaHei&quot;, &quot;Open Sans&quot;, sans-serif; color: rgb(51, 51, 51); font-size: 14px; white-space: normal; text-indent: 43px; line-height: 37px; background: white;\"><span style=\"box-sizing: border-box; padding: 0px; margin: 0px; font-family: 仿宋; font-size: 21px; background-image: initial; background-position: initial; background-size: initial; background-repeat: initial; background-attachment: initial; background-origin: initial; background-clip: initial;\">1.</span><span style=\"box-sizing: border-box; padding: 0px; margin: 0px; font-family: 仿宋; font-size: 21px; background-image: initial; background-position: initial; background-size: initial; background-repeat: initial; background-attachment: initial; background-origin: initial; background-clip: initial;\">活动项目要紧紧围绕本届社团文化节“缤纷社团 逐梦青春”的主题，遵循社团发展规律，符合社团宗旨，体现社团特色，贴近会员需求；</span></p><p style=\"box-sizing: border-box; padding: 0px; margin-top: 0px; margin-bottom: 10px; font-family: &quot;Microsoft YaHei&quot;, &quot;Open Sans&quot;, sans-serif; color: rgb(51, 51, 51); font-size: 14px; white-space: normal; text-indent: 43px; line-height: 37px; background: white;\"><span style=\"box-sizing: border-box; padding: 0px; margin: 0px; font-family: 仿宋; font-size: 21px; background-image: initial; background-position: initial; background-size: initial; background-repeat: initial; background-attachment: initial; background-origin: initial; background-clip: initial;\">2.</span><span style=\"box-sizing: border-box; padding: 0px; margin: 0px; font-family: 仿宋; font-size: 21px; background-image: initial; background-position: initial; background-size: initial; background-repeat: initial; background-attachment: initial; background-origin: initial; background-clip: initial;\">本届社团文化节设置绚丽社团风采篇、奇丽社团科技篇、魅力社团文化篇、活力社团竞技篇四个篇章，旨在为各社团搭建风采展示、科技比拼、文化宣传与竞赛交流的平台。活动项目要按照社团类型明确目标，重点在引导会员坚定理想信念、培养良好品德、提升专业素养、提高综合素质等方面进行设计；</span></p><p style=\"box-sizing: border-box; padding: 0px; margin-top: 0px; margin-bottom: 10px; font-family: &quot;Microsoft YaHei&quot;, &quot;Open Sans&quot;, sans-serif; color: rgb(51, 51, 51); font-size: 14px; white-space: normal; text-indent: 43px; line-height: 37px; background: white;\"><span style=\"box-sizing: border-box; padding: 0px; margin: 0px; font-family: 仿宋; font-size: 21px; background-image: initial; background-position: initial; background-size: initial; background-repeat: initial; background-attachment: initial; background-origin: initial; background-clip: initial;\">3.</span><span style=\"box-sizing: border-box; padding: 0px; margin: 0px; font-family: 仿宋; font-size: 21px; background-image: initial; background-position: initial; background-size: initial; background-repeat: initial; background-attachment: initial; background-origin: initial; background-clip: initial;\">各社团申报项目应注重体现专业特色、学科特点，倡导同类社团联合举办具有学科交叉特点的科技学术活动；</span></p><p style=\"box-sizing: border-box; padding: 0px; margin-top: 0px; margin-bottom: 10px; font-family: &quot;Microsoft YaHei&quot;, &quot;Open Sans&quot;, sans-serif; color: rgb(51, 51, 51); font-size: 14px; white-space: normal; text-indent: 43px; line-height: 37px; background: white;\"><span style=\"box-sizing: border-box; padding: 0px; margin: 0px; font-family: 仿宋; font-size: 21px; background-image: initial; background-position: initial; background-size: initial; background-repeat: initial; background-attachment: initial; background-origin: initial; background-clip: initial;\">4.</span><span style=\"box-sizing: border-box; padding: 0px; margin: 0px; font-family: 仿宋; font-size: 21px; background-image: initial; background-position: initial; background-size: initial; background-repeat: initial; background-attachment: initial; background-origin: initial; background-clip: initial;\">鼓励各社团结合社团现状，将现有活动品牌进行改革创新，扩大品牌活动影响力；</span></p><p style=\"box-sizing: border-box; padding: 0px; margin-top: 0px; margin-bottom: 10px; font-family: &quot;Microsoft YaHei&quot;, &quot;Open Sans&quot;, sans-serif; color: rgb(51, 51, 51); font-size: 14px; white-space: normal; text-indent: 43px; line-height: 37px; background: white;\"><span style=\"box-sizing: border-box; padding: 0px; margin: 0px; font-family: 仿宋; font-size: 21px; background-image: initial; background-position: initial; background-size: initial; background-repeat: initial; background-attachment: initial; background-origin: initial; background-clip: initial;\">5.</span><span style=\"box-sizing: border-box; padding: 0px; margin: 0px; font-family: 仿宋; font-size: 21px; background-image: initial; background-position: initial; background-size: initial; background-repeat: initial; background-attachment: initial; background-origin: initial; background-clip: initial;\">活动时间原则上在本届社团文化节期间举行。</span></p><p style=\"box-sizing: border-box; padding: 0px; margin-top: 0px; margin-bottom: 10px; font-family: &quot;Microsoft YaHei&quot;, &quot;Open Sans&quot;, sans-serif; color: rgb(51, 51, 51); font-size: 14px; white-space: normal; text-indent: 43px; line-height: 37px; background: white;\"><strong style=\"box-sizing: border-box; padding: 0px; margin: 0px;\"><span style=\"box-sizing: border-box; padding: 0px; margin: 0px; font-family: 仿宋; font-size: 21px; background-image: initial; background-position: initial; background-size: initial; background-repeat: initial; background-attachment: initial; background-origin: initial; background-clip: initial;\">二、征集程序</span></strong></p><p style=\"box-sizing: border-box; padding: 0px; margin-top: 0px; margin-bottom: 10px; font-family: &quot;Microsoft YaHei&quot;, &quot;Open Sans&quot;, sans-serif; color: rgb(51, 51, 51); font-size: 14px; white-space: normal; text-indent: 43px; line-height: 37px; background: white;\"><span style=\"box-sizing: border-box; padding: 0px; margin: 0px; font-family: 仿宋; font-size: 21px; background-image: initial; background-position: initial; background-size: initial; background-repeat: initial; background-attachment: initial; background-origin: initial; background-clip: initial;\">1.</span><span style=\"box-sizing: border-box; padding: 0px; margin: 0px; font-family: 仿宋; font-size: 21px; background-image: initial; background-position: initial; background-size: initial; background-repeat: initial; background-attachment: initial; background-origin: initial; background-clip: initial;\">各学生社团在社团指导教师的指导下认真填写《山东理工大学第二届社团文化节活动项目申请表》（见附件），以学院为单位，于11月3日（周四）下午6点前通过社团办公平台（http://stgz.lgqn.cn）发送至校社联。同时上交纸质版，交表地点：校社联办公室(大学生艺术中心337室)；</span></p><p style=\"box-sizing: border-box; padding: 0px; margin-top: 0px; margin-bottom: 10px; font-family: &quot;Microsoft YaHei&quot;, &quot;Open Sans&quot;, sans-serif; color: rgb(51, 51, 51); font-size: 14px; white-space: normal; text-indent: 43px; line-height: 37px; background: white;\"><span style=\"box-sizing: border-box; padding: 0px; margin: 0px; font-family: 仿宋; font-size: 21px; background-image: initial; background-position: initial; background-size: initial; background-repeat: initial; background-attachment: initial; background-origin: initial; background-clip: initial;\">2.</span><span style=\"box-sizing: border-box; padding: 0px; margin: 0px; font-family: 仿宋; font-size: 21px; background-image: initial; background-position: initial; background-size: initial; background-repeat: initial; background-attachment: initial; background-origin: initial; background-clip: initial;\">各学生社团可单独或多个社团联合申报，如联合申报，必须确定一个社团为主要负责的社团，所有申报手续由该社团负责办理；</span></p><p style=\"box-sizing: border-box; padding: 0px; margin-top: 0px; margin-bottom: 10px; font-family: &quot;Microsoft YaHei&quot;, &quot;Open Sans&quot;, sans-serif; color: rgb(51, 51, 51); font-size: 14px; white-space: normal; text-indent: 43px; line-height: 37px; background: white;\"><span style=\"box-sizing: border-box; padding: 0px; margin: 0px; font-family: 仿宋; font-size: 21px; background-image: initial; background-position: initial; background-size: initial; background-repeat: initial; background-attachment: initial; background-origin: initial; background-clip: initial;\">3.</span><span style=\"box-sizing: border-box; padding: 0px; margin: 0px; font-family: 仿宋; font-size: 21px; background-image: initial; background-position: initial; background-size: initial; background-repeat: initial; background-attachment: initial; background-origin: initial; background-clip: initial;\">校社联组织有关人员对项目进行初审，随后组织通过初审的社团进行答辩，最终确定入围社团文化节的活动项目。</span></p><p style=\"box-sizing: border-box; padding: 0px; margin-top: 0px; margin-bottom: 10px; font-family: &quot;Microsoft YaHei&quot;, &quot;Open Sans&quot;, sans-serif; color: rgb(51, 51, 51); font-size: 14px; white-space: normal; text-indent: 43px; line-height: 37px; background: white;\"><span style=\"box-sizing: border-box; padding: 0px; margin: 0px; font-family: 仿宋; font-size: 21px; background-image: initial; background-position: initial; background-size: initial; background-repeat: initial; background-attachment: initial; background-origin: initial; background-clip: initial;\">附件：《山东理工大学第二届社团文化节活动项目申请表》</span></p><p style=\"box-sizing: border-box; padding: 0px; margin-top: 0px; margin-bottom: 10px; font-family: &quot;Microsoft YaHei&quot;, &quot;Open Sans&quot;, sans-serif; color: rgb(51, 51, 51); font-size: 14px; white-space: normal; text-indent: 43px; line-height: 37px; background: white;\"><span style=\"box-sizing: border-box; padding: 0px; margin: 0px; font-family: 仿宋; font-size: 21px; background-image: initial; background-position: initial; background-size: initial; background-repeat: initial; background-attachment: initial; background-origin: initial; background-clip: initial;\">&nbsp;</span></p><p style=\"box-sizing: border-box; padding: 0px; margin-top: 0px; margin-bottom: 10px; font-family: &quot;Microsoft YaHei&quot;, &quot;Open Sans&quot;, sans-serif; color: rgb(51, 51, 51); font-size: 14px; white-space: normal; background-color: rgb(255, 255, 255); line-height: 37px;\"><span style=\"box-sizing: border-box; padding: 0px; margin: 0px; font-family: 仿宋; font-size: 21px;\">&nbsp;&nbsp;&nbsp;&nbsp;&nbsp;&nbsp;&nbsp;&nbsp;&nbsp;&nbsp;&nbsp;&nbsp;&nbsp;&nbsp;&nbsp;&nbsp;&nbsp;&nbsp;&nbsp;&nbsp;&nbsp;&nbsp;&nbsp;&nbsp;&nbsp;&nbsp;&nbsp;&nbsp;&nbsp;&nbsp;&nbsp;&nbsp;&nbsp;&nbsp;&nbsp;&nbsp;&nbsp;&nbsp;&nbsp;&nbsp;&nbsp;</span><span style=\"box-sizing: border-box; padding: 0px; margin: 0px; font-family: 仿宋; font-size: 21px;\">校团委</span></p><p style=\"box-sizing: border-box; padding: 0px; margin-top: 0px; margin-bottom: 10px; font-family: &quot;Microsoft YaHei&quot;, &quot;Open Sans&quot;, sans-serif; color: rgb(51, 51, 51); font-size: 14px; white-space: normal; background-color: rgb(255, 255, 255); line-height: 37px;\"><span style=\"box-sizing: border-box; padding: 0px; margin: 0px; font-family: 仿宋; font-size: 21px;\">&nbsp;&nbsp;&nbsp;&nbsp;&nbsp;&nbsp;&nbsp;&nbsp;&nbsp;&nbsp;&nbsp;&nbsp;&nbsp;&nbsp;&nbsp;&nbsp;&nbsp;&nbsp;&nbsp;&nbsp;&nbsp;&nbsp;&nbsp;&nbsp;&nbsp;&nbsp;&nbsp;&nbsp;&nbsp;&nbsp;&nbsp;&nbsp;&nbsp;&nbsp;&nbsp;</span><span style=\"box-sizing: border-box; padding: 0px; margin: 0px; font-family: 仿宋; font-size: 21px;\">校学生社团联合会</span></p><p style=\"box-sizing: border-box; padding: 0px; margin-top: 0px; margin-bottom: 10px; font-family: &quot;Microsoft YaHei&quot;, &quot;Open Sans&quot;, sans-serif; color: rgb(51, 51, 51); font-size: 14px; white-space: normal; background-color: rgb(255, 255, 255); line-height: 37px;\"><span style=\"box-sizing: border-box; padding: 0px; margin: 0px; font-family: 仿宋; font-size: 21px;\">&nbsp;&nbsp;&nbsp;&nbsp;&nbsp;&nbsp;&nbsp;&nbsp;&nbsp;&nbsp;&nbsp;&nbsp;&nbsp;&nbsp;&nbsp;&nbsp;&nbsp;&nbsp;&nbsp;&nbsp;&nbsp;&nbsp;&nbsp;&nbsp;&nbsp;&nbsp;&nbsp;&nbsp;&nbsp;&nbsp;&nbsp;&nbsp;&nbsp;&nbsp; 2016</span><span style=\"box-sizing: border-box; padding: 0px; margin: 0px; font-family: 仿宋; font-size: 21px;\">年10月26日</span></p><p><span style=\"box-sizing: border-box; padding: 0px; margin: 0px; font-family: 仿宋; font-size: 21px;\"><br/></span></p><p><br/></p>', 'aaa', '2018-04-13 13:17:57', '各团总支、团委，各学生社团：为进一步扩大学生社团品牌活动的影响力，充分发挥学生社团活动在繁荣校园文化生活中的积极作用，校团委拟于十一月举办山东理工大学第二届社团文化节。为使社团文化节更加贴近社团实际，满足广大社团会员需求，现面向全校学生社团征集活动项目。具体通知如下：一、征集内容1.活动项目要紧紧围绕本届社团文化节“缤纷社团 逐梦青春”的主题，遵循社团发展规律，符合社团宗旨，体现社团特色，贴近会员需求；2.本届社团文化节设置绚丽社团风采篇、奇丽社团科技篇、魅力社团文化篇、活力社团竞技篇四个篇章，旨在为各社团搭建风采展示、科技比拼、文化宣传与竞赛交流的平台。活动项目要按照社团类型明确目标，重点在引导会员坚定理想信念、培养良好品德、提升专业素养、提高综合素质等方面进行设计；3.各社团申报项目应注重体现专业特色、学科特点，倡导同类社团联合举办具有学科交叉特点的科技学术活动；4.鼓励各社团结合社团现状，将现有活动品牌进行改革创新，扩大品牌活动影响力；5.活动时间原则上在本届社团文化节期间举行。二、征集程序1.各学生社团在社团指导教师的指导下认真填写《山东理工大学第二届社团文化节活动项目申请表》（见附件），以学院为单位，于11月3日（周四）下午6点前通过社团办公平台（http://stgz.lgqn.cn）发送至校社联。同时上交纸质版，交表地点：校社联办公室(大学生艺术中心337室)；2.各学生社团可单独或多个社团联合申报，如联合申报，必须确定一个社团为主要负责的社团，所有申报手续由该社团负责办理；3.校社联组织有关人员对项目进行初审，随后组织通过初审的社团进行答辩，最终确定入围社团文化节的活动项目。附件：《山东理工大学第二届社团文化节活动项目申请表》                                          校团委                                   校学生社团联合会                                   2016年10月26日', '1');
INSERT INTO `news` VALUES ('56', '61', '关于开展2016年上半年社团注册工作的通知', '<h2 style=\"box-sizing: border-box; padding: 0px; margin: 20px 0px 10px; font-family: &quot;Helvetica Neue&quot;, Helvetica, Arial, sans-serif; font-weight: 500; line-height: 30px; font-size: 30px; color: rgb(51, 51, 51); white-space: normal; background-color: rgb(255, 255, 255); text-align: center;\"><span style=\"box-sizing: border-box; padding: 0px; margin: 0px; font-family: Verdana; font-size: 24px; font-weight: bold;\">关于开展<span style=\"box-sizing: border-box; padding: 0px; margin: 0px;\">201</span></span><span style=\"box-sizing: border-box; padding: 0px; margin: 0px; font-family: 宋体; font-size: 24px; font-weight: bold;\">6</span><span style=\"box-sizing: border-box; padding: 0px; margin: 0px; font-family: Verdana; font-size: 24px; font-weight: bold;\">年</span><span style=\"box-sizing: border-box; padding: 0px; margin: 0px; font-family: 宋体; font-size: 24px; font-weight: bold;\">上</span><span style=\"box-sizing: border-box; padding: 0px; margin: 0px; font-family: Verdana; font-size: 24px; font-weight: bold;\">半年社团注册工作的通知</span></h2><p style=\"box-sizing: border-box; padding: 0px; margin-top: 0px; margin-bottom: 10px; font-family: &quot;Microsoft YaHei&quot;, &quot;Open Sans&quot;, sans-serif; color: rgb(51, 51, 51); font-size: 14px; white-space: normal; background-color: rgb(255, 255, 255); line-height: 37px;\"><span style=\"box-sizing: border-box; padding: 0px; margin: 0px; font-family: 宋体;\"><span style=\"box-sizing: border-box; padding: 0px; margin: 0px; font-family: 仿宋_GB2312; font-size: 21px;\">各学生社团指导单位，各学生社团：</span></span></p><p style=\"box-sizing: border-box; padding: 0px; margin-top: 0px; margin-bottom: 10px; font-family: &quot;Microsoft YaHei&quot;, &quot;Open Sans&quot;, sans-serif; color: rgb(51, 51, 51); font-size: 14px; white-space: normal; background-color: rgb(255, 255, 255); line-height: 37px; text-indent: 43px;\"><span style=\"box-sizing: border-box; padding: 0px; margin: 0px; font-family: 仿宋_GB2312; font-size: 21px;\"><span style=\"box-sizing: border-box; padding: 0px; margin: 0px; font-family: 宋体;\">社团注册是对学生社团实施信息登记，了解和掌握学生社团的基本状况，规范社团管理，推动社团发展的重要程序，也是保障学生社团顺利开展各项活动的必要前提。根据《山东理工大学学生社团管理办法》，现将本学期社团注册有关事宜通知如下：</span><span style=\"box-sizing: border-box; padding: 0px; margin: 0px; font-family: Calibri;\">&nbsp;</span></span></p><p style=\"box-sizing: border-box; padding: 0px; margin-top: 0px; margin-bottom: 10px; font-family: &quot;Microsoft YaHei&quot;, &quot;Open Sans&quot;, sans-serif; color: rgb(51, 51, 51); font-size: 14px; white-space: normal; background-color: rgb(255, 255, 255); line-height: 37px; text-indent: 43px;\"><span style=\"box-sizing: border-box; padding: 0px; margin: 0px; font-family: 宋体;\"><span style=\"box-sizing: border-box; padding: 0px; margin: 0px; font-family: 仿宋_GB2312; font-size: 21px; font-weight: bold;\">一、注册时间</span></span></p><p style=\"box-sizing: border-box; padding: 0px; margin-top: 0px; margin-bottom: 10px; font-family: &quot;Microsoft YaHei&quot;, &quot;Open Sans&quot;, sans-serif; color: rgb(51, 51, 51); font-size: 14px; white-space: normal; background-color: rgb(255, 255, 255); line-height: 37px; text-indent: 43px;\"><span style=\"box-sizing: border-box; padding: 0px; margin: 0px; font-family: 宋体;\"><span style=\"box-sizing: border-box; padding: 0px; margin: 0px; font-family: 仿宋_GB2312; font-size: 21px;\">3月4日至3月11日</span></span></p><p style=\"box-sizing: border-box; padding: 0px; margin-top: 0px; margin-bottom: 10px; font-family: &quot;Microsoft YaHei&quot;, &quot;Open Sans&quot;, sans-serif; color: rgb(51, 51, 51); font-size: 14px; white-space: normal; background-color: rgb(255, 255, 255); line-height: 37px; text-indent: 43px;\"><span style=\"box-sizing: border-box; padding: 0px; margin: 0px; font-family: 宋体;\"><span style=\"box-sizing: border-box; padding: 0px; margin: 0px; font-family: 仿宋_GB2312; font-size: 21px; font-weight: bold;\">二、注册地点</span></span></p><p style=\"box-sizing: border-box; padding: 0px; margin-top: 0px; margin-bottom: 10px; font-family: &quot;Microsoft YaHei&quot;, &quot;Open Sans&quot;, sans-serif; color: rgb(51, 51, 51); font-size: 14px; white-space: normal; background-color: rgb(255, 255, 255); line-height: 37px; text-indent: 43px;\"><span style=\"box-sizing: border-box; padding: 0px; margin: 0px; font-family: 宋体;\"><span style=\"box-sizing: border-box; padding: 0px; margin: 0px; font-family: 仿宋_GB2312; font-size: 21px;\">校学生社团联合会办公室（大学生艺术中心337室）</span></span></p><p style=\"box-sizing: border-box; padding: 0px; margin-top: 0px; margin-bottom: 10px; font-family: &quot;Microsoft YaHei&quot;, &quot;Open Sans&quot;, sans-serif; color: rgb(51, 51, 51); font-size: 14px; white-space: normal; background-color: rgb(255, 255, 255); line-height: 37px; text-indent: 43px;\"><span style=\"box-sizing: border-box; padding: 0px; margin: 0px; font-family: 宋体;\"><span style=\"box-sizing: border-box; padding: 0px; margin: 0px; font-family: 仿宋_GB2312; font-size: 21px; font-weight: bold;\">三、注册材料</span></span></p><p style=\"box-sizing: border-box; padding: 0px; margin-top: 0px; margin-bottom: 10px; font-family: &quot;Microsoft YaHei&quot;, &quot;Open Sans&quot;, sans-serif; color: rgb(51, 51, 51); font-size: 14px; white-space: normal; background-color: rgb(255, 255, 255); line-height: 37px; text-indent: 43px;\"><span style=\"box-sizing: border-box; padding: 0px; margin: 0px; font-family: 宋体;\"><span style=\"box-sizing: border-box; padding: 0px; margin: 0px; font-family: 仿宋_GB2312; font-size: 21px;\">（1）《山东理工大学学生社团注册登记表》</span></span></p><p style=\"box-sizing: border-box; padding: 0px; margin-top: 0px; margin-bottom: 10px; font-family: &quot;Microsoft YaHei&quot;, &quot;Open Sans&quot;, sans-serif; color: rgb(51, 51, 51); font-size: 14px; white-space: normal; background-color: rgb(255, 255, 255); line-height: 37px; text-indent: 43px;\"><span style=\"box-sizing: border-box; padding: 0px; margin: 0px; font-family: 宋体;\"><span style=\"box-sizing: border-box; padding: 0px; margin: 0px; font-family: 仿宋_GB2312; font-size: 21px;\">（2）《山东理工大学社团负责人登记表》</span></span></p><p style=\"box-sizing: border-box; padding: 0px; margin-top: 0px; margin-bottom: 10px; font-family: &quot;Microsoft YaHei&quot;, &quot;Open Sans&quot;, sans-serif; color: rgb(51, 51, 51); font-size: 14px; white-space: normal; background-color: rgb(255, 255, 255); line-height: 37px; text-indent: 43px;\"><span style=\"box-sizing: border-box; padding: 0px; margin: 0px; font-family: 宋体;\"><span style=\"box-sizing: border-box; padding: 0px; margin: 0px; font-family: 仿宋_GB2312; font-size: 21px;\">（3）《山东理工大学社团指导教师（顾问）信息登记表》</span></span></p><p style=\"box-sizing: border-box; padding: 0px; margin-top: 0px; margin-bottom: 10px; font-family: &quot;Microsoft YaHei&quot;, &quot;Open Sans&quot;, sans-serif; color: rgb(51, 51, 51); font-size: 14px; white-space: normal; background-color: rgb(255, 255, 255); line-height: 37px; text-indent: 43px;\"><span style=\"box-sizing: border-box; padding: 0px; margin: 0px; font-family: 宋体;\"><span style=\"box-sizing: border-box; padding: 0px; margin: 0px; font-family: 仿宋_GB2312; font-size: 21px;\">（4）各社团机构设置及社团会员名单</span></span></p><p style=\"box-sizing: border-box; padding: 0px; margin-top: 0px; margin-bottom: 10px; font-family: &quot;Microsoft YaHei&quot;, &quot;Open Sans&quot;, sans-serif; color: rgb(51, 51, 51); font-size: 14px; white-space: normal; background-color: rgb(255, 255, 255); line-height: 37px; text-indent: 43px;\"><span style=\"box-sizing: border-box; padding: 0px; margin: 0px; font-family: 宋体;\"><span style=\"box-sizing: border-box; padding: 0px; margin: 0px; font-family: 仿宋_GB2312; font-size: 21px; font-weight: bold;\">四、相关说明：</span></span></p><p style=\"box-sizing: border-box; padding: 0px; margin-top: 0px; margin-bottom: 10px; font-family: &quot;Microsoft YaHei&quot;, &quot;Open Sans&quot;, sans-serif; color: rgb(51, 51, 51); font-size: 14px; white-space: normal; background-color: rgb(255, 255, 255); line-height: 37px; text-indent: 43px;\"><span style=\"box-sizing: border-box; padding: 0px; margin: 0px; font-family: 宋体;\"><span style=\"box-sizing: border-box; padding: 0px; margin: 0px; font-family: 仿宋_GB2312; font-size: 21px;\">（1）社团若变更名称、类型、指导单位等，注册时请持变更说明（指导单位审核通过），经校团委审批，报校社联备案。</span></span></p><p style=\"box-sizing: border-box; padding: 0px; margin-top: 0px; margin-bottom: 10px; font-family: &quot;Microsoft YaHei&quot;, &quot;Open Sans&quot;, sans-serif; color: rgb(51, 51, 51); font-size: 14px; white-space: normal; background-color: rgb(255, 255, 255); line-height: 37px; text-indent: 43px;\"><span style=\"box-sizing: border-box; padding: 0px; margin: 0px; font-family: 宋体;\"><span style=\"box-sizing: border-box; padding: 0px; margin: 0px; font-family: 仿宋_GB2312; font-size: 21px;\">（2）部分社团上学期注册时因宗旨不明等原因限期整改，现整改期已过，需将整改期表现以整改报告方式提交，校社联将结合日常掌握情况作出评定，随注册结果一起公布。</span></span></p><p style=\"box-sizing: border-box; padding: 0px; margin-top: 0px; margin-bottom: 10px; font-family: &quot;Microsoft YaHei&quot;, &quot;Open Sans&quot;, sans-serif; color: rgb(51, 51, 51); font-size: 14px; white-space: normal; background-color: rgb(255, 255, 255); line-height: 37px; text-indent: 43px;\"><span style=\"box-sizing: border-box; padding: 0px; margin: 0px; font-family: 宋体;\"><span style=\"box-sizing: border-box; padding: 0px; margin: 0px; font-family: 仿宋_GB2312; font-size: 21px;\">（3）社团注册的同时可依据《山东理工大学学生社团管理办法》申请成立新社团。（申请所需材料：社团章程、10人以上发起人名单及简介、社团财务制度、社团成立申请表、社团成立申请书）。</span></span></p><p style=\"box-sizing: border-box; padding: 0px; margin-top: 0px; margin-bottom: 10px; font-family: &quot;Microsoft YaHei&quot;, &quot;Open Sans&quot;, sans-serif; color: rgb(51, 51, 51); font-size: 14px; white-space: normal; background-color: rgb(255, 255, 255); line-height: 37px; text-indent: 38px;\"><span style=\"box-sizing: border-box; padding: 0px; margin: 0px; font-family: 宋体;\"><span style=\"box-sizing: border-box; padding: 0px; margin: 0px; font-family: 仿宋_GB2312; font-size: 21px;\">（4）各指导单位要责任到人，注册工作要在社团工作指导教师的指导下进行。材料上交前要严格审查，在审查材料填写准确规范的同时，重点对填写的内容进行把关，指导社团在整理材料的过程中进一步明晰定位，理清思路。</span></span></p><p style=\"box-sizing: border-box; padding: 0px; margin-top: 0px; margin-bottom: 10px; font-family: &quot;Microsoft YaHei&quot;, &quot;Open Sans&quot;, sans-serif; color: rgb(51, 51, 51); font-size: 14px; white-space: normal; background-color: rgb(255, 255, 255); line-height: 37px; text-indent: 38px;\"><span style=\"box-sizing: border-box; padding: 0px; margin: 0px; font-family: 宋体;\"><span style=\"box-sizing: border-box; padding: 0px; margin: 0px; font-family: 仿宋_GB2312; font-size: 21px;\">（5）各社团要严格按照《关于填写学生社团注册材料相关事项》要求，认真填写学生社团注册相应表格，务必提交社团最新信息。对本次注册期间未能按照要求整理注册登记材料的社团，校团委将限期整改，整改后仍未达到目标者，将予以注销。</span></span></p><p style=\"box-sizing: border-box; padding: 0px; margin-top: 0px; margin-bottom: 10px; font-family: &quot;Microsoft YaHei&quot;, &quot;Open Sans&quot;, sans-serif; color: rgb(51, 51, 51); font-size: 14px; white-space: normal; background-color: rgb(255, 255, 255); line-height: 37px; text-indent: 38px;\"><span style=\"box-sizing: border-box; padding: 0px; margin: 0px; font-family: 宋体;\"><span style=\"box-sizing: border-box; padding: 0px; margin: 0px; font-family: 仿宋_GB2312; font-size: 21px;\">（6）注册材料由学生社团指导单位汇总后统一上交电子版和纸质版一份，电子版通过山东理工大学学生社团联合会网站（http://stgz.lgqn.cn/）办公平台发送。不按时注册的社团视为自动解散，过期不予补办。注册结果将于近期公布，请注意查看。</span></span></p><p style=\"box-sizing: border-box; padding: 0px; margin-top: 0px; margin-bottom: 10px; font-family: &quot;Microsoft YaHei&quot;, &quot;Open Sans&quot;, sans-serif; color: rgb(51, 51, 51); font-size: 14px; white-space: normal; background-color: rgb(255, 255, 255); line-height: 37px; text-indent: 43px;\"><span style=\"box-sizing: border-box; padding: 0px; margin: 0px; font-family: 宋体;\"><span style=\"box-sizing: border-box; padding: 0px; margin: 0px; font-family: 仿宋_GB2312; font-size: 21px;\">未尽事宜，请与校社联监察部联系。联系人：刘赞，联系电话：18753361415。</span></span></p><p style=\"box-sizing: border-box; padding: 0px; margin-top: 0px; margin-bottom: 10px; font-family: &quot;Microsoft YaHei&quot;, &quot;Open Sans&quot;, sans-serif; color: rgb(51, 51, 51); font-size: 14px; white-space: normal; background-color: rgb(255, 255, 255); line-height: 37px; text-indent: 28px;\"><span style=\"box-sizing: border-box; padding: 0px; margin: 0px; font-family: 仿宋_GB2312; font-size: 21px;\"><span style=\"box-sizing: border-box; padding: 0px; margin: 0px; font-family: 宋体;\">&nbsp;</span></span></p><p style=\"box-sizing: border-box; padding: 0px; margin-top: 0px; margin-bottom: 10px; font-family: &quot;Microsoft YaHei&quot;, &quot;Open Sans&quot;, sans-serif; color: rgb(51, 51, 51); font-size: 14px; white-space: normal; background-color: rgb(255, 255, 255); line-height: 37px;\"><span style=\"box-sizing: border-box; padding: 0px; margin: 0px; font-family: 宋体;\"><span style=\"box-sizing: border-box; padding: 0px; margin: 0px; font-family: 仿宋_GB2312; font-size: 21px;\">&nbsp;&nbsp;&nbsp;&nbsp;&nbsp;&nbsp;&nbsp;&nbsp;&nbsp;&nbsp;&nbsp;&nbsp;&nbsp;&nbsp;&nbsp;&nbsp;&nbsp;&nbsp;&nbsp;&nbsp;&nbsp;&nbsp;&nbsp;&nbsp;&nbsp;&nbsp;&nbsp;&nbsp;&nbsp;&nbsp;&nbsp;&nbsp;&nbsp;&nbsp;&nbsp;&nbsp;&nbsp;&nbsp;&nbsp;&nbsp;&nbsp;&nbsp;&nbsp;&nbsp;&nbsp;&nbsp;&nbsp;&nbsp;&nbsp;&nbsp;&nbsp;&nbsp;&nbsp;&nbsp;&nbsp;&nbsp;&nbsp;&nbsp;&nbsp;&nbsp;&nbsp;&nbsp;&nbsp;&nbsp;&nbsp;&nbsp;&nbsp;&nbsp;&nbsp;&nbsp;&nbsp;&nbsp;&nbsp;&nbsp;&nbsp;&nbsp;&nbsp;&nbsp;&nbsp;&nbsp;&nbsp;&nbsp;&nbsp;&nbsp;&nbsp;&nbsp;&nbsp;&nbsp;&nbsp;&nbsp;&nbsp;校团委</span></span></p><p style=\"box-sizing: border-box; padding: 0px; margin-top: 0px; margin-bottom: 10px; font-family: &quot;Microsoft YaHei&quot;, &quot;Open Sans&quot;, sans-serif; color: rgb(51, 51, 51); font-size: 14px; white-space: normal; background-color: rgb(255, 255, 255); line-height: 37px;\"><span style=\"box-sizing: border-box; padding: 0px; margin: 0px; font-family: 宋体;\"><span style=\"box-sizing: border-box; padding: 0px; margin: 0px; font-family: 仿宋_GB2312; font-size: 21px;\">&nbsp;&nbsp;&nbsp;&nbsp;&nbsp;&nbsp;&nbsp;&nbsp;&nbsp;&nbsp;&nbsp;&nbsp;&nbsp;&nbsp;&nbsp;&nbsp;&nbsp;&nbsp;&nbsp;&nbsp;&nbsp;&nbsp;&nbsp;&nbsp;&nbsp;&nbsp;&nbsp;&nbsp;&nbsp;&nbsp;&nbsp;&nbsp;&nbsp;&nbsp;&nbsp;&nbsp;&nbsp;&nbsp;&nbsp;&nbsp;&nbsp;&nbsp;&nbsp;&nbsp;&nbsp;&nbsp;&nbsp;&nbsp;&nbsp;&nbsp;&nbsp;&nbsp;&nbsp;&nbsp;&nbsp;&nbsp;&nbsp;&nbsp;&nbsp;&nbsp;&nbsp;&nbsp;&nbsp;&nbsp;&nbsp;&nbsp;&nbsp;&nbsp;&nbsp;&nbsp;&nbsp;&nbsp;&nbsp;&nbsp;&nbsp;&nbsp;&nbsp;&nbsp;&nbsp;&nbsp;&nbsp;校学生社团联合会</span></span></p><p style=\"box-sizing: border-box; padding: 0px; margin-top: 0px; margin-bottom: 10px; font-family: &quot;Microsoft YaHei&quot;, &quot;Open Sans&quot;, sans-serif; color: rgb(51, 51, 51); font-size: 14px; white-space: normal; background-color: rgb(255, 255, 255); line-height: 37px;\"><span style=\"box-sizing: border-box; padding: 0px; margin: 0px; font-family: 仿宋_GB2312; font-size: 21px;\"><span style=\"box-sizing: border-box; padding: 0px; margin: 0px; font-family: 宋体;\">&nbsp;&nbsp;&nbsp;&nbsp;&nbsp;&nbsp;&nbsp;&nbsp;&nbsp;&nbsp;&nbsp;&nbsp;&nbsp;&nbsp;&nbsp;&nbsp;&nbsp;&nbsp;&nbsp;&nbsp;&nbsp;&nbsp;&nbsp;&nbsp;&nbsp;&nbsp;&nbsp;&nbsp;&nbsp;&nbsp;&nbsp;&nbsp;&nbsp;&nbsp;&nbsp;&nbsp;&nbsp;&nbsp;&nbsp;&nbsp;&nbsp;&nbsp;2016年3月4日</span></span></p><p><br/></p>', 'fff', '2018-04-13 13:21:15', '关于开展2016年上半年社团注册工作的通知各学生社团指导单位，各学生社团：社团注册是对学生社团实施信息登记，了解和掌握学生社团的基本状况，规范社团管理，推动社团发展的重要程序，也是保障学生社团顺利开展各项活动的必要前提。根据《山东理工大学学生社团管理办法》，现将本学期社团注册有关事宜通知如下： 一、注册时间3月4日至3月11日二、注册地点校学生社团联合会办公室（大学生艺术中心337室）三、注册材料（1）《山东理工大学学生社团注册登记表》（2）《山东理工大学社团负责人登记表》（3）《山东理工大学社团指导教师（顾问）信息登记表》（4）各社团机构设置及社团会员名单四、相关说明：（1）社团若变更名称、类型、指导单位等，注册时请持变更说明（指导单位审核通过），经校团委审批，报校社联备案。（2）部分社团上学期注册时因宗旨不明等原因限期整改，现整改期已过，需将整改期表现以整改报告方式提交，校社联将结合日常掌握情况作出评定，随注册结果一起公布。（3）社团注册的同时可依据《山东理工大学学生社团管理办法》申请成立新社团。（申请所需材料：社团章程、10人以上发起人名单及简介、社团财务制度、社团成立申请表、社团成立申请书）。（4）各指导单位要责任到人，注册工作要在社团工作指导教师的指导下进行。材料上交前要严格审查，在审查材料填写准确规范的同时，重点对填写的内容进行把关，指导社团在整理材料的过程中进一步明晰定位，理清思路。（5）各社团要严格按照《关于填写学生社团注册材料相关事项》要求，认真填写学生社团注册相应表格，务必提交社团最新信息。对本次注册期间未能按照要求整理注册登记材料的社团，校团委将限期整改，整改后仍未达到目标者，将予以注销。（6）注册材料由学生社团指导单位汇总后统一上交电子版和纸质版一份，电子版通过山东理工大学学生社团联合会网站（http://stgz.lgqn.cn/）办公平台发送。不按时注册的社团视为自动解散，过期不予补办。注册结果将于近期公布，请注意查看。未尽事宜，请与校社联监察部联系。联系人：刘赞，联系电话：18753361415。                                                                                            校团委                                                                                 校学生社团联合会                                          2016年3月4日', '1');
INSERT INTO `news` VALUES ('57', '23', '关于召开2018届毕业生就业工作商谈会的通知', '<p><span style=\"font-size: 16pt;\">各二级学院：</span></p><p><span style=\"font-size: 16pt;\">　　为了全面深入了解各二级学院毕业生就业创业工作开展情况，切实落实我校</span><span style=\"font-size: 16pt;\">2018</span><span style=\"font-size: 16pt;\">届毕业生就业方案，确保完成毕业生就业创业工作目标责任。现决定召开</span><span style=\"font-size: 16pt;\">2018</span><span style=\"font-size: 16pt;\">届毕业生就业工作商谈会，具体安排如下：</span></p><p><span style=\"font-size: 16pt;\">一、</span><span style=\"font-size: 16pt;\">会议时间</span></p><p><span style=\"font-size: 16pt;\">4</span><span style=\"font-size: 16pt;\">月</span><span style=\"font-size: 16pt;\">9</span><span style=\"font-size: 16pt;\">日</span><span style=\"font-size: 16pt;\">星期一</span><span style=\"font-size: 16pt;\">上午</span><span style=\"font-size: 16pt;\">9</span><span style=\"font-size: 16pt;\">点</span></p><p><span style=\"font-size: 16pt;\">二、</span><span style=\"font-size: 16pt;\">会议地点</span></p><p><span style=\"font-size: 16pt;\">行政楼</span><span style=\"font-size: 16pt;\">201</span></p><p><span style=\"font-size: 16pt;\">三、</span><span style=\"font-size: 16pt;\">参加人员</span></p><p><span style=\"font-size: 16pt;\">校领导、各二级学院主管就业工作院领导、学院学工办主任或副主任、毕业班辅导员、就业专员、学生就业指导中心工作人员。（人员名单见附件）</span></p><p><span style=\"font-size: 16pt;\">四、</span><span style=\"font-size: 16pt;\">商谈大纲</span></p><p><span style=\"font-size: 16pt;\">1.<span style=\"font-variant-numeric: normal; font-variant-east-asian: normal; font-stretch: normal; font-size: 7pt; line-height: normal; font-family: &quot;Times New Roman&quot;;\">&nbsp;&nbsp;&nbsp;&nbsp;</span></span><span style=\"font-size: 16pt;\">2018</span><span style=\"font-size: 16pt;\">年毕业生就业创业工作进展情况。</span></p><p><span style=\"font-size: 16pt;\">2.<span style=\"font-variant-numeric: normal; font-variant-east-asian: normal; font-stretch: normal; font-size: 7pt; line-height: normal; font-family: &quot;Times New Roman&quot;;\">&nbsp;&nbsp;&nbsp;&nbsp;</span></span><span style=\"font-size: 16pt;\">建立健全就业困难毕业生帮扶机制，加大帮扶力度，实施精准帮扶情况。</span></p><p><span style=\"font-size: 16pt;\">3.<span style=\"font-variant-numeric: normal; font-variant-east-asian: normal; font-stretch: normal; font-size: 7pt; line-height: normal; font-family: &quot;Times New Roman&quot;;\">&nbsp;&nbsp;&nbsp;&nbsp;</span></span><span style=\"font-size: 16pt;\">就业创业信息化平台建设情况。</span></p><p><span style=\"font-size: 16pt;\">4.<span style=\"font-variant-numeric: normal; font-variant-east-asian: normal; font-stretch: normal; font-size: 7pt; line-height: normal; font-family: &quot;Times New Roman&quot;;\">&nbsp;&nbsp;&nbsp;&nbsp;</span></span><span style=\"font-size: 16pt;\">创新创业教育工作和</span><span style=\"font-size: 16pt;\">“</span><span style=\"font-size: 16pt;\">互联网</span><span style=\"font-size: 16pt;\">+”</span><span style=\"font-size: 16pt;\">大学生创新创业大赛组织发动情况。</span></p><p><span style=\"font-size: 16pt;\">5.<span style=\"font-variant-numeric: normal; font-variant-east-asian: normal; font-stretch: normal; font-size: 7pt; line-height: normal; font-family: &quot;Times New Roman&quot;;\">&nbsp;&nbsp;&nbsp;&nbsp;</span></span><span style=\"font-size: 16pt;\">毕业生就业创业工作面临的问题、困难和建议、对策。</span></p><p><span style=\"font-size: 16pt;\">五、</span><span style=\"font-size: 16pt;\">工作要求</span></p><p><span style=\"font-size: 16pt;\">1.<span style=\"font-variant-numeric: normal; font-variant-east-asian: normal; font-stretch: normal; font-size: 7pt; line-height: normal; font-family: &quot;Times New Roman&quot;;\">&nbsp;&nbsp;&nbsp;&nbsp;</span></span><span style=\"font-size: 16pt;\">各二级学院在会上进行</span><span style=\"font-size: 16pt;\">10</span><span style=\"font-size: 16pt;\">分钟的汇报，重点突出</span><span style=\"font-size: 16pt;\">2018</span><span style=\"font-size: 16pt;\">届毕业生就业创业工作的成绩成果，问题困难和对策思路等。</span></p><p><span style=\"font-size: 16pt;\">2.<span style=\"font-variant-numeric: normal; font-variant-east-asian: normal; font-stretch: normal; font-size: 7pt; line-height: normal; font-family: &quot;Times New Roman&quot;;\">&nbsp;&nbsp;&nbsp;&nbsp;</span></span><span style=\"font-size: 16pt;\">各二级学院须根据商谈大纲提交</span><span style=\"font-size: 16pt;\">1000~2000</span><span style=\"font-size: 16pt;\">字的汇报材料。</span></p><p><span style=\"font-size: 16pt;\">3.<span style=\"font-variant-numeric: normal; font-variant-east-asian: normal; font-stretch: normal; font-size: 7pt; line-height: normal; font-family: &quot;Times New Roman&quot;;\">&nbsp;&nbsp;&nbsp;&nbsp;</span></span><span style=\"font-size: 16pt;\">各二级学院要逐个核对未就业毕业生的情况，并填报《</span><span style=\"font-size: 16pt;\">2018</span><span style=\"font-size: 16pt;\">届毕业生就业进展统计表》。</span></p><p><span style=\"font-size: 16pt;\">4.<span style=\"font-variant-numeric: normal; font-variant-east-asian: normal; font-stretch: normal; font-size: 7pt; line-height: normal; font-family: &quot;Times New Roman&quot;;\">&nbsp;&nbsp;&nbsp;&nbsp;</span></span><span style=\"font-size: 16pt;\">会议现场提交纸质版《汇报材料》以及《</span><span style=\"font-size: 16pt;\">2018</span><span style=\"font-size: 16pt;\">届毕业生就业进展统计表》各</span><span style=\"font-size: 16pt;\">5</span><span style=\"font-size: 16pt;\">份，</span><a href=\"mailto:%E7%94%B5%E5%AD%90%E7%89%88%E5%8F%91%E9%80%81%E5%88%B0dep-xsjy@gcu.edu.cn\"><span style=\"color:#0563c1\"><span style=\"font-size: 16pt;\">电子版发送到<span style=\"font-size: 16pt;\">dep-xsjy@gcu.edu.cn</span></span><span style=\"font-size: 16pt;\">。</span></span></a></p><p><br/></p>', 'sd', '2018-04-13 14:16:41', '各二级学院：　　为了全面深入了解各二级学院毕业生就业创业工作开展情况，切实落实我校2018届毕业生就业方案，确保完成毕业生就业创业工作目标责任。现决定召开2018届毕业生就业工作商谈会，具体安排如下：一、会议时间4月9日星期一上午9点二、会议地点行政楼201三、参加人员校领导、各二级学院主管就业工作院领导、学院学工办主任或副主任、毕业班辅导员、就业专员、学生就业指导中心工作人员。（人员名单见附件）四、商谈大纲1.    2018年毕业生就业创业工作进展情况。2.    建立健全就业困难毕业生帮扶机制，加大帮扶力度，实施精准帮扶情况。3.    就业创业信息化平台建设情况。4.    创新创业教育工作和“互联网+”大学生创新创业大赛组织发动情况。5.    毕业生就业创业工作面临的问题、困难和建议、对策。五、工作要求1.    各二级学院在会上进行10分钟的汇报，重点突出2018届毕业生就业创业工作的成绩成果，问题困难和对策思路等。2.    各二级学院须根据商谈大纲提交1000~2000字的汇报材料。3.    各二级学院要逐个核对未就业毕业生的情况，并填报《2018届毕业生就业进展统计表》。4.    会议现场提交纸质版《汇报材料》以及《2018届毕业生就业进展统计表》各5份，电子版发送到dep-xsjy@gcu.edu.cn。', '2');
INSERT INTO `news` VALUES ('58', '23', '毕业季：大学生找工作应先就业再择业', '<table width=\"90%\"><tbody><tr class=\"firstRow\"><td align=\"left\"><p class=\"pl01\" style=\"font-variant-numeric: normal; font-variant-east-asian: normal; font-stretch: normal; font-size: 12px; line-height: 18px; font-family: 瀹嬩綋; color: rgb(76, 75, 75);\"><br/></p><p style=\"box-sizing: border-box; color: rgb(51, 51, 51); font-variant-numeric: normal; font-variant-east-asian: normal; font-stretch: normal; font-size: 14px; line-height: 20px; font-family: 微软雅黑; margin-bottom: 10px; widows: 1;\">又到一年毕业季，2016届的大学毕业生们已经奔赴在求职或者考研的路上，让我们来看看他们的故事。</p><p style=\"box-sizing: border-box; color: rgb(51, 51, 51); font-variant-numeric: normal; font-variant-east-asian: normal; font-stretch: normal; font-size: 14px; line-height: 20px; font-family: 微软雅黑; margin-bottom: 10px; widows: 1;\"><span style=\"box-sizing: border-box; font-weight: 700;\">　　为了就业而考研</span></p><p style=\"box-sizing: border-box; color: rgb(51, 51, 51); font-variant-numeric: normal; font-variant-east-asian: normal; font-stretch: normal; font-size: 14px; line-height: 20px; font-family: 微软雅黑; margin-bottom: 10px; widows: 1;\">　　新疆财经大学毕业生李静去年报考了华东师范大学的研究生，研究生成绩出来后，李静就知道自己的分数差了一点，但李静的考研决心很大，“如果今年没考上，就先找一份工作，边工作边继续考研，不能毕业就失业呀!”</p><p style=\"box-sizing: border-box; color: rgb(51, 51, 51); font-variant-numeric: normal; font-variant-east-asian: normal; font-stretch: normal; font-size: 14px; line-height: 20px; font-family: 微软雅黑; margin-bottom: 10px; widows: 1;\">　　胡成林是李静的同学，去年她报名参加了新疆财经大学的研究生考试。胡成林说：“现在国家线分数已经出来了，学校分数还没出来，我觉得我应该是过线了，就等面试了，希望我努力了那么久能有个好结果。”</p><p style=\"box-sizing: border-box; color: rgb(51, 51, 51); font-variant-numeric: normal; font-variant-east-asian: normal; font-stretch: normal; font-size: 14px; line-height: 20px; font-family: 微软雅黑; margin-bottom: 10px; widows: 1;\">　　“现在人才竞争太激烈了，尤其是在我的老家湖北，大学生一毕业就会面临失业的尴尬，而且本科学历已经不能满足用人单位的需要，所以考研是必经之路。”胡成林说。</p><p style=\"box-sizing: border-box; color: rgb(51, 51, 51); font-variant-numeric: normal; font-variant-east-asian: normal; font-stretch: normal; font-size: 14px; line-height: 20px; font-family: 微软雅黑; margin-bottom: 10px; widows: 1;\">　　据统计，2015年全国高校毕业生将达到749万，考研报名人数达164.9万人，虽然考研有所降温，但在巨大的就业压力面前，先就业还是先考研成为大四学生两难的抉择。据调查显示，选择考研来逃避就业压力的大学生占了考研报名人数的33.7%，“缓解就业压力”成了很多学生选择考研的主因。</p><p style=\"box-sizing: border-box; color: rgb(51, 51, 51); font-variant-numeric: normal; font-variant-east-asian: normal; font-stretch: normal; font-size: 14px; line-height: 20px; font-family: 微软雅黑; margin-bottom: 10px; widows: 1;\">　　<span style=\"box-sizing: border-box; font-weight: 700;\">公务员热度不减</span></p><p style=\"box-sizing: border-box; color: rgb(51, 51, 51); font-variant-numeric: normal; font-variant-east-asian: normal; font-stretch: normal; font-size: 14px; line-height: 20px; font-family: 微软雅黑; margin-bottom: 10px; widows: 1;\">　　随着毕业季的临近，除了研究生考试之外，公务员考试、事业编考试、教师招考、银行考试等各种考试也成为毕业生们找工作的必经之路。</p><p style=\"box-sizing: border-box; color: rgb(51, 51, 51); font-variant-numeric: normal; font-variant-east-asian: normal; font-stretch: normal; font-size: 14px; line-height: 20px; font-family: 微软雅黑; margin-bottom: 10px; widows: 1;\">　　在采访中，记者发现，大多数学生依然把公务员考试列为毕业季期间的必考科目。</p><p style=\"box-sizing: border-box; color: rgb(51, 51, 51); font-variant-numeric: normal; font-variant-east-asian: normal; font-stretch: normal; font-size: 14px; line-height: 20px; font-family: 微软雅黑; margin-bottom: 10px; widows: 1;\">　　新疆大学毕业生王文楠告诉记者，现在好一点的工作都是“逢进必考”，像我自己现在就在备考公务员和教师考试。</p><p style=\"box-sizing: border-box; color: rgb(51, 51, 51); font-variant-numeric: normal; font-variant-east-asian: normal; font-stretch: normal; font-size: 14px; line-height: 20px; font-family: 微软雅黑; margin-bottom: 10px; widows: 1;\">　　“我身边的同学，几乎每个人都做了至少两种准备，保证自己一毕业就有满意的工作，还有很多学生决定样样参与，不放过任何一次机会，正所谓遍地撒网，重点捞鱼嘛!这样毕业找到好工作的希望就会更大一点。”王文楠说。</p><p style=\"box-sizing: border-box; color: rgb(51, 51, 51); font-variant-numeric: normal; font-variant-east-asian: normal; font-stretch: normal; font-size: 14px; line-height: 20px; font-family: 微软雅黑; margin-bottom: 10px; widows: 1;\">　　如王文楠一样，谈起公务员考试为什么在大学生中如此火热时，众多学生都纷纷给出了同一个答案，稳定。</p><p style=\"box-sizing: border-box; color: rgb(51, 51, 51); font-variant-numeric: normal; font-variant-east-asian: normal; font-stretch: normal; font-size: 14px; line-height: 20px; font-family: 微软雅黑; margin-bottom: 10px; widows: 1;\">　　杨静是新疆师范大学应届毕业生，大四期间，她一边在乌鲁木齐一家培训机构当英语老师，一边准备公务员考试。杨静说：“我还是希望能考上公务员，毕竟公务员比培训机构的老师更稳定些，薪资待遇、退休后的福利、保障也还不错。”</p><p style=\"box-sizing: border-box; color: rgb(51, 51, 51); font-variant-numeric: normal; font-variant-east-asian: normal; font-stretch: normal; font-size: 14px; line-height: 20px; font-family: 微软雅黑; margin-bottom: 10px; widows: 1;\"><span style=\"box-sizing: border-box; font-weight: 700;\">　　兴趣、专业对口更重要</span></p><p style=\"box-sizing: border-box; color: rgb(51, 51, 51); font-variant-numeric: normal; font-variant-east-asian: normal; font-stretch: normal; font-size: 14px; line-height: 20px; font-family: 微软雅黑; margin-bottom: 10px; widows: 1;\">　　在采访过程中，记者发现，虽然考研、考公务员在毕业生群体中热度不减，但大多数毕业生依然更亲睐于找与自己专业相关、兴趣所好的工作。</p><p style=\"box-sizing: border-box; color: rgb(51, 51, 51); font-variant-numeric: normal; font-variant-east-asian: normal; font-stretch: normal; font-size: 14px; line-height: 20px; font-family: 微软雅黑; margin-bottom: 10px; widows: 1;\">　　乌鲁木齐职业大学人力资源管理专业的毕业生陈淑君谈到求职意向时表示，自己在找工作的过程中，更注重经验的积累和平台的发展机会。陈淑君说： “我大学期间利用课余时间，接触了各种各样的兼职，积累了很多经验，所以我希望以后我能去企业做有关人力资源管理或者项目管理方面的工作。”</p><p style=\"box-sizing: border-box; color: rgb(51, 51, 51); font-variant-numeric: normal; font-variant-east-asian: normal; font-stretch: normal; font-size: 14px; line-height: 20px; font-family: 微软雅黑; margin-bottom: 10px; widows: 1;\">　　来自新疆医科大学的刘洋即将研究生毕业，说起未来的工作，刘洋觉得工资不是唯一的标准，相比之下自己更注重兴趣、爱好以及专业是否对口。</p><p style=\"box-sizing: border-box; color: rgb(51, 51, 51); font-variant-numeric: normal; font-variant-east-asian: normal; font-stretch: normal; font-size: 14px; line-height: 20px; font-family: 微软雅黑; margin-bottom: 10px; widows: 1;\">　　刘洋说：“我从小就想成为一名医生，大学期间也学的是临床医学专业，希望我毕业之后能成为一名医生。”</p><p style=\"box-sizing: border-box; color: rgb(51, 51, 51); font-variant-numeric: normal; font-variant-east-asian: normal; font-stretch: normal; font-size: 14px; line-height: 20px; font-family: 微软雅黑; margin-bottom: 10px; widows: 1;\"><span style=\"box-sizing: border-box; font-weight: 700;\">　　就业形势严峻</span></p><p style=\"box-sizing: border-box; color: rgb(51, 51, 51); font-variant-numeric: normal; font-variant-east-asian: normal; font-stretch: normal; font-size: 14px; line-height: 20px; font-family: 微软雅黑; margin-bottom: 10px; widows: 1;\">　　据了解，今年大学毕业生人数将达到749万，比去年又增加了22万，再创历史新高。</p><p style=\"box-sizing: border-box; color: rgb(51, 51, 51); font-variant-numeric: normal; font-variant-east-asian: normal; font-stretch: normal; font-size: 14px; line-height: 20px; font-family: 微软雅黑; margin-bottom: 10px; widows: 1;\">　　新疆农业大学就业指导中心主任岳瑞多年从事毕业生就业指导工作。面对今年的“最难就业季”，岳瑞说，现在的大学毕业生并不是找不到工作，而是找不到自己满意的工作。高校毕业生总想着留大城市、进大企业、找好待遇，不去尝试具有挑战性、创造性的工作，更不愿到基层去，而是选择扎堆考研来逃避就业。</p><p style=\"box-sizing: border-box; color: rgb(51, 51, 51); font-variant-numeric: normal; font-variant-east-asian: normal; font-stretch: normal; font-size: 14px; line-height: 20px; font-family: 微软雅黑; margin-bottom: 10px; widows: 1;\">　　“无论是选择考研还是就业，毕业生首先都要从自身情况出发，理性选择，不要盲目跟风。比如考研之前一定要问问自己，我为什么考研?如果想通过考研逃避就业压力，这是很不现实的，因为研究生毕业后，还是要面对激烈的求职竞争。”岳瑞说。</p><p style=\"box-sizing: border-box; color: rgb(51, 51, 51); font-variant-numeric: normal; font-variant-east-asian: normal; font-stretch: normal; font-size: 14px; line-height: 20px; font-family: 微软雅黑; margin-bottom: 10px; widows: 1;\">　　对此，岳瑞建议，大学生应提早做好职前规划，在大学期间就开始针对就业，有目的地弥补自身的不足，补充相应的技能，争取更多的机会参加社会实践。在求职时，要把心态放低，先就业再择业。这样，就业自然也不成问题。</p></td></tr></tbody></table><p><br/></p>', 'asd', '2018-04-13 14:19:29', '又到一年毕业季，2016届的大学毕业生们已经奔赴在求职或者考研的路上，让我们来看看他们的故事。　　为了就业而考研　　新疆财经大学毕业生李静去年报考了华东师范大学的研究生，研究生成绩出来后，李静就知道自己的分数差了一点，但李静的考研决心很大，“如果今年没考上，就先找一份工作，边工作边继续考研，不能毕业就失业呀!”　　胡成林是李静的同学，去年她报名参加了新疆财经大学的研究生考试。胡成林说：“现在国家线分数已经出来了，学校分数还没出来，我觉得我应该是过线了，就等面试了，希望我努力了那么久能有个好结果。”　　“现在人才竞争太激烈了，尤其是在我的老家湖北，大学生一毕业就会面临失业的尴尬，而且本科学历已经不能满足用人单位的需要，所以考研是必经之路。”胡成林说。　　据统计，2015年全国高校毕业生将达到749万，考研报名人数达164.9万人，虽然考研有所降温，但在巨大的就业压力面前，先就业还是先考研成为大四学生两难的抉择。据调查显示，选择考研来逃避就业压力的大学生占了考研报名人数的33.7%，“缓解就业压力”成了很多学生选择考研的主因。　　公务员热度不减　　随着毕业季的临近，除了研究生考试之外，公务员考试、事业编考试、教师招考、银行考试等各种考试也成为毕业生们找工作的必经之路。　　在采访中，记者发现，大多数学生依然把公务员考试列为毕业季期间的必考科目。　　新疆大学毕业生王文楠告诉记者，现在好一点的工作都是“逢进必考”，像我自己现在就在备考公务员和教师考试。　　“我身边的同学，几乎每个人都做了至少两种准备，保证自己一毕业就有满意的工作，还有很多学生决定样样参与，不放过任何一次机会，正所谓遍地撒网，重点捞鱼嘛!这样毕业找到好工作的希望就会更大一点。”王文楠说。　　如王文楠一样，谈起公务员考试为什么在大学生中如此火热时，众多学生都纷纷给出了同一个答案，稳定。　　杨静是新疆师范大学应届毕业生，大四期间，她一边在乌鲁木齐一家培训机构当英语老师，一边准备公务员考试。杨静说：“我还是希望能考上公务员，毕竟公务员比培训机构的老师更稳定些，薪资待遇、退休后的福利、保障也还不错。”　　兴趣、专业对口更重要　　在采访过程中，记者发现，虽然考研、考公务员在毕业生群体中热度不减，但大多数毕业生依然更亲睐于找与自己专业相关、兴趣所好的工作。　　乌鲁木齐职业大学人力资源管理专业的毕业生陈淑君谈到求职意向时表示，自己在找工作的过程中，更注重经验的积累和平台的发展机会。陈淑君说： “我大学期间利用课余时间，接触了各种各样的兼职，积累了很多经验，所以我希望以后我能去企业做有关人力资源管理或者项目管理方面的工作。”　　来自新疆医科大学的刘洋即将研究生毕业，说起未来的工作，刘洋觉得工资不是唯一的标准，相比之下自己更注重兴趣、爱好以及专业是否对口。　　刘洋说：“我从小就想成为一名医生，大学期间也学的是临床医学专业，希望我毕业之后能成为一名医生。”　　就业形势严峻　　据了解，今年大学毕业生人数将达到749万，比去年又增加了22万，再创历史新高。　　新疆农业大学就业指导中心主任岳瑞多年从事毕业生就业指导工作。面对今年的“最难就业季”，岳瑞说，现在的大学毕业生并不是找不到工作，而是找不到自己满意的工作。高校毕业生总想着留大城市、进大企业、找好待遇，不去尝试具有挑战性、创造性的工作，更不愿到基层去，而是选择扎堆考研来逃避就业。　　“无论是选择考研还是就业，毕业生首先都要从自身情况出发，理性选择，不要盲目跟风。比如考研之前一定要问问自己，我为什么考研?如果想通过考研逃避就业压力，这是很不现实的，因为研究生毕业后，还是要面对激烈的求职竞争。”岳瑞说。　　对此，岳瑞建议，大学生应提早做好职前规划，在大学期间就开始针对就业，有目的地弥补自身的不足，补充相应的技能，争取更多的机会参加社会实践。在求职时，要把心态放低，先就业再择业。这样，就业自然也不成问题。', '2');
INSERT INTO `news` VALUES ('59', '23', '教育部办公厅关于开展全国普通高校毕业生精准就业服务工作的通知', '<p><span style=\"font-size:16px\">各省、自治区、直辖市教育厅(教委)，有关省、自治区人力资源社会保障厅，部属各高等学校：</span></p><p><span style=\"font-size:16px\">　　为深入贯彻落实《国务院关于进一步做好新形势下就业创业工作的意见》精神，按照《教育部关于做好2016届全国普通高等学校毕业生就业创业工作的通知》要求，建立健全精准推送就业服务机制，促进毕业生更加充分和更高质量就业，现将有关事项通知如下：</span></p><p><span style=\"font-size:16px\">　　一、高度重视精准就业服务工作。就业指导服务是高校毕业生就业工作的职责所在和主要内容。精准就业服务是提升就业指导服务水平、做好新形势下高校毕业生就业创业工作的必然要求。各地各高校要把建立健全精准推送就业服务机制作为创新工作方式、践行“三严三实”的重要体现，明确目标任务，统筹多方资源，加大资金支持和人员保障，调动辅导员(班主任、研究生导师)、院系、职能部门、用人单位积极性，主动适应经济发展新常态，不断满足毕业生就业创业新需求，进一步提升高校毕业生就业指导服务质量和水平。</span></p><p><span style=\"font-size:16px\">　　二、准确掌握供求信息。各地要指导并明确要求各高校开展毕业生资源信息全面调查，帮助高校通过各种渠道广泛收集用人单位岗位需求信息。各高校要明确任务分工，层层抓好落实，辅导员、班主任、研究生导师要第一手了解每一位毕业生的就业状况和意愿，详细记录毕业生求职地域、意愿、薪水等就业意向。高校和院系要准确掌握单位性质、工作地点、学历要求、招聘条件等招聘信息，建立毕业生求职意愿信息数据库和用人单位岗位需求信息数据库。</span></p><p><span style=\"font-size:16px\">　　三、建立精准对接服务平台。各地各高校要充分利用就业网、手机短信、就业APP、微信等渠道，建立供需精准对接服务平台。将毕业生求职意愿信息数据库与用人单位岗位需求信息数据库进行比对，智能化匹配学历、专业、地域等关键信息，为毕业生与用人单位精准推送符合要求的供需信息。要指定专门团队或人员负责服务平台的维护管理，及时收集、整理、发布供需信息，做到定期维护、适时更新、即时统计。教育部新职业网已建成精准对接服务平台和微信公众号，为高校毕业生提供政策、指导和岗位信息精准对接服务。</span></p><p><span style=\"font-size:16px\">　　四、大力拓展服务内容。各地各高校要充分利用互联网+就业新模式，采用青年学生喜闻乐见的形式，不断丰富精准对接服务内容。广泛利用手机等移动终端，开展订制服务，根据毕业生不同阶段需求和求职意愿，精准推送相应的就业政策、岗位信息、指导服务，实现就业服务个性化、差异化。要重点关心家庭困难毕业生、少数民族毕业生、农村生源毕业生、残疾毕业生等各类就业困难群体，实行“一生一策”动态管理，通过开展个性化辅导、精准岗位信息推送，做到精准帮扶，帮助他们尽快实现就业创业。</span></p><p><span style=\"font-size:16px\">　　五、确保信息安全。各地各高校要牢固树立网络信息安全意识，进一步加强网络信息安全管理，确保毕业生个人信息安全。要认真审核用人单位资质和招聘信息的真实性、有效性，严禁发布含有限定院校、性别、民族等歧视性招聘信息，严密防范招聘欺诈和“试用期陷阱”，维护毕业生合法权益，确保高校毕业生就业创业工作平稳有序。</span></p><p><span style=\"font-size:16px\">　　教育部办公厅</span></p><p><span style=\"font-size:16px\">　　2016年3月17日</span></p><p><span style=\"font-size:16px\"><br/></span></p><p><br/></p><p><br/></p>', 'sdf', '2018-04-13 14:20:17', '各省、自治区、直辖市教育厅(教委)，有关省、自治区人力资源社会保障厅，部属各高等学校：　　为深入贯彻落实《国务院关于进一步做好新形势下就业创业工作的意见》精神，按照《教育部关于做好2016届全国普通高等学校毕业生就业创业工作的通知》要求，建立健全精准推送就业服务机制，促进毕业生更加充分和更高质量就业，现将有关事项通知如下：　　一、高度重视精准就业服务工作。就业指导服务是高校毕业生就业工作的职责所在和主要内容。精准就业服务是提升就业指导服务水平、做好新形势下高校毕业生就业创业工作的必然要求。各地各高校要把建立健全精准推送就业服务机制作为创新工作方式、践行“三严三实”的重要体现，明确目标任务，统筹多方资源，加大资金支持和人员保障，调动辅导员(班主任、研究生导师)、院系、职能部门、用人单位积极性，主动适应经济发展新常态，不断满足毕业生就业创业新需求，进一步提升高校毕业生就业指导服务质量和水平。　　二、准确掌握供求信息。各地要指导并明确要求各高校开展毕业生资源信息全面调查，帮助高校通过各种渠道广泛收集用人单位岗位需求信息。各高校要明确任务分工，层层抓好落实，辅导员、班主任、研究生导师要第一手了解每一位毕业生的就业状况和意愿，详细记录毕业生求职地域、意愿、薪水等就业意向。高校和院系要准确掌握单位性质、工作地点、学历要求、招聘条件等招聘信息，建立毕业生求职意愿信息数据库和用人单位岗位需求信息数据库。　　三、建立精准对接服务平台。各地各高校要充分利用就业网、手机短信、就业APP、微信等渠道，建立供需精准对接服务平台。将毕业生求职意愿信息数据库与用人单位岗位需求信息数据库进行比对，智能化匹配学历、专业、地域等关键信息，为毕业生与用人单位精准推送符合要求的供需信息。要指定专门团队或人员负责服务平台的维护管理，及时收集、整理、发布供需信息，做到定期维护、适时更新、即时统计。教育部新职业网已建成精准对接服务平台和微信公众号，为高校毕业生提供政策、指导和岗位信息精准对接服务。　　四、大力拓展服务内容。各地各高校要充分利用互联网+就业新模式，采用青年学生喜闻乐见的形式，不断丰富精准对接服务内容。广泛利用手机等移动终端，开展订制服务，根据毕业生不同阶段需求和求职意愿，精准推送相应的就业政策、岗位信息、指导服务，实现就业服务个性化、差异化。要重点关心家庭困难毕业生、少数民族毕业生、农村生源毕业生、残疾毕业生等各类就业困难群体，实行“一生一策”动态管理，通过开展个性化辅导、精准岗位信息推送，做到精准帮扶，帮助他们尽快实现就业创业。　　五、确保信息安全。各地各高校要牢固树立网络信息安全意识，进一步加强网络信息安全管理，确保毕业生个人信息安全。要认真审核用人单位资质和招聘信息的真实性、有效性，严禁发布含有限定院校、性别、民族等歧视性招聘信息，严密防范招聘欺诈和“试用期陷阱”，维护毕业生合法权益，确保高校毕业生就业创业工作平稳有序。　　教育部办公厅　　2016年3月17日', '2');
INSERT INTO `news` VALUES ('60', '23', '人力资源社会保障部关于做好2016年全国高校毕业生就业创业工作的通知', '<table width=\"90%\"><tbody><tr class=\"firstRow\"><td align=\"left\"><p class=\"pl01\" style=\"font-variant-numeric: normal; font-variant-east-asian: normal; font-stretch: normal; font-size: 12px; line-height: 18px; font-family: 瀹嬩綋; color: rgb(76, 75, 75);\"><br/></p><p><span style=\"font-size:16px\">各省、自治区、直辖市及新疆生产建设兵团人力资源社会保障厅(局)：</span></p><p><span style=\"font-size:16px\">　　2016年，高校毕业生就业总量压力持续加大，供需不匹配的结构性矛盾依然突出，就业形势更为复杂、任务更加艰巨。各地要认真贯彻党中央、国务院关于高校毕业生就业工作的决策部署，坚持把高校毕业生就业作为就业工作的重中之重，以实施就业促进和创业引领两项计划为重要抓手，精准发力，分类施策，创新举措，切实做好高校毕业生就业创业工作。现就有关事项通知如下：</span></p><p><span style=\"font-size:16px\">　　一、完善落实就业创业政策，积极促进高校毕业生多渠道就业</span></p><p><span style=\"font-size:16px\">　　各地要认真贯彻落实《国务院关于进一步做好新形势下就业创业工作的意见》(国发〔2015〕23号)，结合实际进一步细化完善鼓励高校毕业生到基层就业、小微企业吸纳就业、自主创业等政策措施，加强对灵活就业和新就业形态的支持，落实好税费减免、创业担保贷款及贴息、社保补贴、培训补贴、求职创业补贴等政策，促进毕业生多渠道就业和创业。要完善政策操作办法，按照简政放权、放管结合、优化服务的要求，简化政策审批、办理流程和政策凭证，推行一站式办理、网上办理等服务，为毕业生和用人单位享受政策提供便利。要通过多种方式督导、检查、评估政策落实情况，及时发现和解决政策落实中遇到的困难和问题，确保政策及时兑现。要广泛开展就业政策宣传解读活动，充分运用互联网新媒体、发挥校园网等平台功能推送政策信息，组织人社厅(局)长进校园宣讲、公共就业人才服务专项活动等方式进行集中宣传，让毕业生对就业政策应享尽知。要畅通毕业生就业渠道，统筹实施好“三支一扶”计划等基层项目，健全毕业生到基层工作的服务保障机制，解决好薪酬待遇、社会保险、职称评定等实际问题，做好人事档案、人才集体户口免费管理服务工作。推动国有企业招聘应届高校毕业生信息公开，创造有利于流动就业、公平就业的良好环境。</span></p><p><span style=\"font-size:16px\">　　二、完善精准帮扶措施，精心实施离校未就业高校毕业生就业促进计划</span></p><p><span style=\"font-size:16px\">　　各地要重点围绕实名登记和精准服务两个环节，精心组织实施就业促进计划，力争使每一名有就业意愿的未就业毕业生都能在年内实现就业或参加到就业准备活动中。各城市人社部门要主动与所在地高校对接，掌握毕业生基本情况，联合开展就业服务活动。省级人社部门要与教育部门、高校建立毕业生就业失业信息衔接机制，及时、准确、全面获取未就业毕业生实名信息。探索建立登记信息反馈制度，公共就业人才服务机构对报到接收的未就业毕业生进行实名登记后，通过适当方式向高校或教育部门反馈相关信息，以便接续服务。对登记的未就业毕业生，各地要立即联系，主动服务，针对其特点和需求制定个性化求职就业方案，提供职业指导、岗位信息、技能培训、就业见习等服务。要特别关注长期失业的毕业生和就业困难毕业生，实施“一人一策”专项帮扶计划，促进其尽快就业。要依托本地公共就业人才服务系统，进一步加强毕业生就业管理服务信息化建设，健全完善实名制数据库，做到实时更新、动态管理，逐步实现信息共享和业务协同。</span></p><p><span style=\"font-size:16px\">　　各地要聚焦毕业生就业需求创新服务理念和模式，提高服务针对性、实效性。要主动将公共就业服务工作延伸到各高校，组织大学生参观人力资源市场、创业孵化基地，通过现场解答政策、模拟招聘求职等活动，帮助学生熟悉职场，掌握求职方法技巧，提高就业竞争力。继续组织开展民营企业招聘周、高校毕业生就业服务月、服务周、部分大中城市联合招聘等专项活动，多组织专业性、行业性、小型化、网络化招聘，提高活动实效。要运用移动互联新技术搭建灵活多样的就业信息服务平台，推进地方公共就业人才服务网与高校校园网、中国公共招聘网链接，打造互联互通、优质高效的“互联网+就业服务”模式。</span></p><p><span style=\"font-size:16px\">　　三、调动各方力量，深入实施大学生创业引领计划</span></p><p><span style=\"font-size:16px\">　　各地要把大学生创业引领计划实施纳入本地区“双创”工作总体安排，加大人力财力投入和工作推动，切实抓好各项政策措施的贯彻落实。要配合教育部门抓好深化高等学校创新创业教育改革措施贯彻落实，健全创新创业教育课程体系，强化创新创业实践，加快推进创新创业教育的普及。会同有关部门以有创业愿望的大学生为重点，编制实施专项培训计划，进一步丰富适合大学生的创业培训项目，充实创业培训师资，加强培训质量监督，提高培训针对性有效性。协调有关方面细化落实工商登记、税费减免、创业担保贷款及贴息、场地支持等创业扶持政策，并为创业大学生提供财政资金、金融资金、社会公益资金和市场创投资金等多渠道资金支持。对落实政策中“优亲厚友”、“将享受创业担保贷款与参加创业培训简单挂钩”等做法要及时予以纠正，帮助符合条件的创业大学生都能获得相应的政策扶持。进一步加强创业服务工作，运用政府购买服务机制，统筹发挥公共就业人才服务机构和创业服务市场主体作用，办好用好各类创业服务载体，对创业大学生实施精准帮扶。切实抓好创业大学生的统计、绩效评价和计划执行考核，确保完成年度计划目标任务。</span></p><p><span style=\"font-size:16px\">　　四、加强组织领导，健全高校毕业生就业创业工作推动机制</span></p><p><span style=\"font-size:16px\">　　各地要坚持把促进高校毕业生就业创业作为就业工作重中之重，加强组织领导，建立目标责任制。健全就业工作协调机制，组织和动员就业工作联席会议各成员单位发挥职能、分工协作、齐抓共管，特别是加强与教育部门、高校的协同配合，共同做好高校毕业生就业创业工作。各地要加强对市、县工作的督促检查，抓住关键时点和重要环节，特别是围绕两项计划实施，通过专项督查、重点调研、定期调度、工作通报等方式，推动各项工作落到实处。要密切关注高校毕业生就业形势变化，加强分析研判和舆情监测，做好政策储备和应急预案，增强工作的主动性和预见性，确保完成毕业生就业目标任务，保持高校毕业生就业局势稳定。</span></p><p><span style=\"font-size:16px\">　　人力资源社会保障部</span></p><p><span style=\"font-size:16px\">　　2016年2月2日</span></p><p><span style=\"font-size:16px\">　　~各省、自治区、直辖市及新疆生产建设兵团人力资源社会保障厅(局)：</span></p><p><span style=\"font-size:16px\">　　2016年，高校毕业生就业总量压力持续加大，供需不匹配的结构性矛盾依然突出，就业形势更为复杂、任务更加艰巨。各地要认真贯彻党中央、国务院关于高校毕业生就业工作的决策部署，坚持把高校毕业生就业作为就业工作的重中之重，以实施就业促进和创业引领两项计划为重要抓手，精准发力，分类施策，创新举措，切实做好高校毕业生就业创业工作。现就有关事项通知如下：</span></p><p><span style=\"font-size:16px\">　　一、完善落实就业创业政策，积极促进高校毕业生多渠道就业</span></p><p><span style=\"font-size:16px\">　　各地要认真贯彻落实《国务院关于进一步做好新形势下就业创业工作的意见》(国发〔2015〕23号)，结合实际进一步细化完善鼓励高校毕业生到基层就业、小微企业吸纳就业、自主创业等政策措施，加强对灵活就业和新就业形态的支持，落实好税费减免、创业担保贷款及贴息、社保补贴、培训补贴、求职创业补贴等政策，促进毕业生多渠道就业和创业。要完善政策操作办法，按照简政放权、放管结合、优化服务的要求，简化政策审批、办理流程和政策凭证，推行一站式办理、网上办理等服务，为毕业生和用人单位享受政策提供便利。要通过多种方式督导、检查、评估政策落实情况，及时发现和解决政策落实中遇到的困难和问题，确保政策及时兑现。要广泛开展就业政策宣传解读活动，充分运用互联网新媒体、发挥校园网等平台功能推送政策信息，组织人社厅(局)长进校园宣讲、公共就业人才服务专项活动等方式进行集中宣传，让毕业生对就业政策应享尽知。要畅通毕业生就业渠道，统筹实施好“三支一扶”计划等基层项目，健全毕业生到基层工作的服务保障机制，解决好薪酬待遇、社会保险、职称评定等实际问题，做好人事档案、人才集体户口免费管理服务工作。推动国有企业招聘应届高校毕业生信息公开，创造有利于流动就业、公平就业的良好环境。</span></p><p><span style=\"font-size:16px\">　　二、完善精准帮扶措施，精心实施离校未就业高校毕业生就业促进计划</span></p><p><span style=\"font-size:16px\">　　各地要重点围绕实名登记和精准服务两个环节，精心组织实施就业促进计划，力争使每一名有就业意愿的未就业毕业生都能在年内实现就业或参加到就业准备活动中。各城市人社部门要主动与所在地高校对接，掌握毕业生基本情况，联合开展就业服务活动。省级人社部门要与教育部门、高校建立毕业生就业失业信息衔接机制，及时、准确、全面获取未就业毕业生实名信息。探索建立登记信息反馈制度，公共就业人才服务机构对报到接收的未就业毕业生进行实名登记后，通过适当方式向高校或教育部门反馈相关信息，以便接续服务。对登记的未就业毕业生，各地要立即联系，主动服务，针对其特点和需求制定个性化求职就业方案，提供职业指导、岗位信息、技能培训、就业见习等服务。要特别关注长期失业的毕业生和就业困难毕业生，实施“一人一策”专项帮扶计划，促进其尽快就业。要依托本地公共就业人才服务系统，进一步加强毕业生就业管理服务信息化建设，健全完善实名制数据库，做到实时更新、动态管理，逐步实现信息共享和业务协同。</span></p><p><span style=\"font-size:16px\">　　各地要聚焦毕业生就业需求创新服务理念和模式，提高服务针对性、实效性。要主动将公共就业服务工作延伸到各高校，组织大学生参观人力资源市场、创业孵化基地，通过现场解答政策、模拟招聘求职等活动，帮助学生熟悉职场，掌握求职方法技巧，提高就业竞争力。继续组织开展民营企业招聘周、高校毕业生就业服务月、服务周、部分大中城市联合招聘等专项活动，多组织专业性、行业性、小型化、网络化招聘，提高活动实效。要运用移动互联新技术搭建灵活多样的就业信息服务平台，推进地方公共就业人才服务网与高校校园网、中国公共招聘网链接，打造互联互通、优质高效的“互联网+就业服务”模式。</span></p><p><span style=\"font-size:16px\">　　三、调动各方力量，深入实施大学生创业引领计划</span></p><p><span style=\"font-size:16px\">　　各地要把大学生创业引领计划实施纳入本地区“双创”工作总体安排，加大人力财力投入和工作推动，切实抓好各项政策措施的贯彻落实。要配合教育部门抓好深化高等学校创新创业教育改革措施贯彻落实，健全创新创业教育课程体系，强化创新创业实践，加快推进创新创业教育的普及。会同有关部门以有创业愿望的大学生为重点，编制实施专项培训计划，进一步丰富适合大学生的创业培训项目，充实创业培训师资，加强培训质量监督，提高培训针对性有效性。协调有关方面细化落实工商登记、税费减免、创业担保贷款及贴息、场地支持等创业扶持政策，并为创业大学生提供财政资金、金融资金、社会公益资金和市场创投资金等多渠道资金支持。对落实政策中“优亲厚友”、“将享受创业担保贷款与参加创业培训简单挂钩”等做法要及时予以纠正，帮助符合条件的创业大学生都能获得相应的政策扶持。进一步加强创业服务工作，运用政府购买服务机制，统筹发挥公共就业人才服务机构和创业服务市场主体作用，办好用好各类创业服务载体，对创业大学生实施精准帮扶。切实抓好创业大学生的统计、绩效评价和计划执行考核，确保完成年度计划目标任务。</span></p><p><span style=\"font-size:16px\">　　四、加强组织领导，健全高校毕业生就业创业工作推动机制</span></p><p><span style=\"font-size:16px\">　　各地要坚持把促进高校毕业生就业创业作为就业工作重中之重，加强组织领导，建立目标责任制。健全就业工作协调机制，组织和动员就业工作联席会议各成员单位发挥职能、分工协作、齐抓共管，特别是加强与教育部门、高校的协同配合，共同做好高校毕业生就业创业工作。各地要加强对市、县工作的督促检查，抓住关键时点和重要环节，特别是围绕两项计划实施，通过专项督查、重点调研、定期调度、工作通报等方式，推动各项工作落到实处。要密切关注高校毕业生就业形势变化，加强分析研判和舆情监测，做好政策储备和应急预案，增强工作的主动性和预见性，确保完成毕业生就业目标任务，保持高校毕业生就业局势稳定。</span></p><p><span style=\"font-size:16px\">　　人力资源社会保障部</span></p><p><span style=\"font-size:16px\">　　2016年2月2日</span></p></td></tr></tbody></table><p><br/></p>', 'tt', '2018-04-13 14:21:01', '各省、自治区、直辖市及新疆生产建设兵团人力资源社会保障厅(局)：　　2016年，高校毕业生就业总量压力持续加大，供需不匹配的结构性矛盾依然突出，就业形势更为复杂、任务更加艰巨。各地要认真贯彻党中央、国务院关于高校毕业生就业工作的决策部署，坚持把高校毕业生就业作为就业工作的重中之重，以实施就业促进和创业引领两项计划为重要抓手，精准发力，分类施策，创新举措，切实做好高校毕业生就业创业工作。现就有关事项通知如下：　　一、完善落实就业创业政策，积极促进高校毕业生多渠道就业　　各地要认真贯彻落实《国务院关于进一步做好新形势下就业创业工作的意见》(国发〔2015〕23号)，结合实际进一步细化完善鼓励高校毕业生到基层就业、小微企业吸纳就业、自主创业等政策措施，加强对灵活就业和新就业形态的支持，落实好税费减免、创业担保贷款及贴息、社保补贴、培训补贴、求职创业补贴等政策，促进毕业生多渠道就业和创业。要完善政策操作办法，按照简政放权、放管结合、优化服务的要求，简化政策审批、办理流程和政策凭证，推行一站式办理、网上办理等服务，为毕业生和用人单位享受政策提供便利。要通过多种方式督导、检查、评估政策落实情况，及时发现和解决政策落实中遇到的困难和问题，确保政策及时兑现。要广泛开展就业政策宣传解读活动，充分运用互联网新媒体、发挥校园网等平台功能推送政策信息，组织人社厅(局)长进校园宣讲、公共就业人才服务专项活动等方式进行集中宣传，让毕业生对就业政策应享尽知。要畅通毕业生就业渠道，统筹实施好“三支一扶”计划等基层项目，健全毕业生到基层工作的服务保障机制，解决好薪酬待遇、社会保险、职称评定等实际问题，做好人事档案、人才集体户口免费管理服务工作。推动国有企业招聘应届高校毕业生信息公开，创造有利于流动就业、公平就业的良好环境。　　二、完善精准帮扶措施，精心实施离校未就业高校毕业生就业促进计划　　各地要重点围绕实名登记和精准服务两个环节，精心组织实施就业促进计划，力争使每一名有就业意愿的未就业毕业生都能在年内实现就业或参加到就业准备活动中。各城市人社部门要主动与所在地高校对接，掌握毕业生基本情况，联合开展就业服务活动。省级人社部门要与教育部门、高校建立毕业生就业失业信息衔接机制，及时、准确、全面获取未就业毕业生实名信息。探索建立登记信息反馈制度，公共就业人才服务机构对报到接收的未就业毕业生进行实名登记后，通过适当方式向高校或教育部门反馈相关信息，以便接续服务。对登记的未就业毕业生，各地要立即联系，主动服务，针对其特点和需求制定个性化求职就业方案，提供职业指导、岗位信息、技能培训、就业见习等服务。要特别关注长期失业的毕业生和就业困难毕业生，实施“一人一策”专项帮扶计划，促进其尽快就业。要依托本地公共就业人才服务系统，进一步加强毕业生就业管理服务信息化建设，健全完善实名制数据库，做到实时更新、动态管理，逐步实现信息共享和业务协同。　　各地要聚焦毕业生就业需求创新服务理念和模式，提高服务针对性、实效性。要主动将公共就业服务工作延伸到各高校，组织大学生参观人力资源市场、创业孵化基地，通过现场解答政策、模拟招聘求职等活动，帮助学生熟悉职场，掌握求职方法技巧，提高就业竞争力。继续组织开展民营企业招聘周、高校毕业生就业服务月、服务周、部分大中城市联合招聘等专项活动，多组织专业性、行业性、小型化、网络化招聘，提高活动实效。要运用移动互联新技术搭建灵活多样的就业信息服务平台，推进地方公共就业人才服务网与高校校园网、中国公共招聘网链接，打造互联互通、优质高效的“互联网+就业服务”模式。　　三、调动各方力量，深入实施大学生创业引领计划　　各地要把大学生创业引领计划实施纳入本地区“双创”工作总体安排，加大人力财力投入和工作推动，切实抓好各项政策措施的贯彻落实。要配合教育部门抓好深化高等学校创新创业教育改革措施贯彻落实，健全创新创业教育课程体系，强化创新创业实践，加快推进创新创业教育的普及。会同有关部门以有创业愿望的大学生为重点，编制实施专项培训计划，进一步丰富适合大学生的创业培训项目，充实创业培训师资，加强培训质量监督，提高培训针对性有效性。协调有关方面细化落实工商登记、税费减免、创业担保贷款及贴息、场地支持等创业扶持政策，并为创业大学生提供财政资金、金融资金、社会公益资金和市场创投资金等多渠道资金支持。对落实政策中“优亲厚友”、“将享受创业担保贷款与参加创业培训简单挂钩”等做法要及时予以纠正，帮助符合条件的创业大学生都能获得相应的政策扶持。进一步加强创业服务工作，运用政府购买服务机制，统筹发挥公共就业人才服务机构和创业服务市场主体作用，办好用好各类创业服务载体，对创业大学生实施精准帮扶。切实抓好创业大学生的统计、绩效评价和计划执行考核，确保完成年度计划目标任务。　　四、加强组织领导，健全高校毕业生就业创业工作推动机制　　各地要坚持把促进高校毕业生就业创业作为就业工作重中之重，加强组织领导，建立目标责任制。健全就业工作协调机制，组织和动员就业工作联席会议各成员单位发挥职能、分工协作、齐抓共管，特别是加强与教育部门、高校的协同配合，共同做好高校毕业生就业创业工作。各地要加强对市、县工作的督促检查，抓住关键时点和重要环节，特别是围绕两项计划实施，通过专项督查、重点调研、定期调度、工作通报等方式，推动各项工作落到实处。要密切关注高校毕业生就业形势变化，加强分析研判和舆情监测，做好政策储备和应急预案，增强工作的主动性和预见性，确保完成毕业生就业目标任务，保持高校毕业生就业局势稳定。　　人力资源社会保障部　　2016年2月2日　　~各省、自治区、直辖市及新疆生产建设兵团人力资源社会保障厅(局)：　　2016年，高校毕业生就业总量压力持续加大，供需不匹配的结构性矛盾依然突出，就业形势更为复杂、任务更加艰巨。各地要认真贯彻党中央、国务院关于高校毕业生就业工作的决策部署，坚持把高校毕业生就业作为就业工作的重中之重，以实施就业促进和创业引领两项计划为重要抓手，精准发力，分类施策，创新举措，切实做好高校毕业生就业创业工作。现就有关事项通知如下：　　一、完善落实就业创业政策，积极促进高校毕业生多渠道就业　　各地要认真贯彻落实《国务院关于进一步做好新形势下就业创业工作的意见》(国发〔2015〕23号)，结合实际进一步细化完善鼓励高校毕业生到基层就业、小微企业吸纳就业、自主创业等政策措施，加强对灵活就业和新就业形态的支持，落实好税费减免、创业担保贷款及贴息、社保补贴、培训补贴、求职创业补贴等政策，促进毕业生多渠道就业和创业。要完善政策操作办法，按照简政放权、放管结合、优化服务的要求，简化政策审批、办理流程和政策凭证，推行一站式办理、网上办理等服务，为毕业生和用人单位享受政策提供便利。要通过多种方式督导、检查、评估政策落实情况，及时发现和解决政策落实中遇到的困难和问题，确保政策及时兑现。要广泛开展就业政策宣传解读活动，充分运用互联网新媒体、发挥校园网等平台功能推送政策信息，组织人社厅(局)长进校园宣讲、公共就业人才服务专项活动等方式进行集中宣传，让毕业生对就业政策应享尽知。要畅通毕业生就业渠道，统筹实施好“三支一扶”计划等基层项目，健全毕业生到基层工作的服务保障机制，解决好薪酬待遇、社会保险、职称评定等实际问题，做好人事档案、人才集体户口免费管理服务工作。推动国有企业招聘应届高校毕业生信息公开，创造有利于流动就业、公平就业的良好环境。　　二、完善精准帮扶措施，精心实施离校未就业高校毕业生就业促进计划　　各地要重点围绕实名登记和精准服务两个环节，精心组织实施就业促进计划，力争使每一名有就业意愿的未就业毕业生都能在年内实现就业或参加到就业准备活动中。各城市人社部门要主动与所在地高校对接，掌握毕业生基本情况，联合开展就业服务活动。省级人社部门要与教育部门、高校建立毕业生就业失业信息衔接机制，及时、准确、全面获取未就业毕业生实名信息。探索建立登记信息反馈制度，公共就业人才服务机构对报到接收的未就业毕业生进行实名登记后，通过适当方式向高校或教育部门反馈相关信息，以便接续服务。对登记的未就业毕业生，各地要立即联系，主动服务，针对其特点和需求制定个性化求职就业方案，提供职业指导、岗位信息、技能培训、就业见习等服务。要特别关注长期失业的毕业生和就业困难毕业生，实施“一人一策”专项帮扶计划，促进其尽快就业。要依托本地公共就业人才服务系统，进一步加强毕业生就业管理服务信息化建设，健全完善实名制数据库，做到实时更新、动态管理，逐步实现信息共享和业务协同。　　各地要聚焦毕业生就业需求创新服务理念和模式，提高服务针对性、实效性。要主动将公共就业服务工作延伸到各高校，组织大学生参观人力资源市场、创业孵化基地，通过现场解答政策、模拟招聘求职等活动，帮助学生熟悉职场，掌握求职方法技巧，提高就业竞争力。继续组织开展民营企业招聘周、高校毕业生就业服务月、服务周、部分大中城市联合招聘等专项活动，多组织专业性、行业性、小型化、网络化招聘，提高活动实效。要运用移动互联新技术搭建灵活多样的就业信息服务平台，推进地方公共就业人才服务网与高校校园网、中国公共招聘网链接，打造互联互通、优质高效的“互联网+就业服务”模式。　　三、调动各方力量，深入实施大学生创业引领计划　　各地要把大学生创业引领计划实施纳入本地区“双创”工作总体安排，加大人力财力投入和工作推动，切实抓好各项政策措施的贯彻落实。要配合教育部门抓好深化高等学校创新创业教育改革措施贯彻落实，健全创新创业教育课程体系，强化创新创业实践，加快推进创新创业教育的普及。会同有关部门以有创业愿望的大学生为重点，编制实施专项培训计划，进一步丰富适合大学生的创业培训项目，充实创业培训师资，加强培训质量监督，提高培训针对性有效性。协调有关方面细化落实工商登记、税费减免、创业担保贷款及贴息、场地支持等创业扶持政策，并为创业大学生提供财政资金、金融资金、社会公益资金和市场创投资金等多渠道资金支持。对落实政策中“优亲厚友”、“将享受创业担保贷款与参加创业培训简单挂钩”等做法要及时予以纠正，帮助符合条件的创业大学生都能获得相应的政策扶持。进一步加强创业服务工作，运用政府购买服务机制，统筹发挥公共就业人才服务机构和创业服务市场主体作用，办好用好各类创业服务载体，对创业大学生实施精准帮扶。切实抓好创业大学生的统计、绩效评价和计划执行考核，确保完成年度计划目标任务。　　四、加强组织领导，健全高校毕业生就业创业工作推动机制　　各地要坚持把促进高校毕业生就业创业作为就业工作重中之重，加强组织领导，建立目标责任制。健全就业工作协调机制，组织和动员就业工作联席会议各成员单位发挥职能、分工协作、齐抓共管，特别是加强与教育部门、高校的协同配合，共同做好高校毕业生就业创业工作。各地要加强对市、县工作的督促检查，抓住关键时点和重要环节，特别是围绕两项计划实施，通过专项督查、重点调研、定期调度、工作通报等方式，推动各项工作落到实处。要密切关注高校毕业生就业形势变化，加强分析研判和舆情监测，做好政策储备和应急预案，增强工作的主动性和预见性，确保完成毕业生就业目标任务，保持高校毕业生就业局势稳定。　　人力资源社会保障部　　2016年2月2日', '2');
INSERT INTO `news` VALUES ('61', '23', '“入世”对大学生就业的影响及对策分析', '<p style=\"font-family: &quot;Microsoft YaHei&quot;; font-size: medium; white-space: normal; background-color: rgb(255, 255, 255);\"><span style=\"font-family:Arial\">　经过近15年艰苦漫长的谈判．中国于2001年11月23日正式成为世界贸易组织成员．这无论对于世界经济全球化进程，还是中国社会主义市场经济的发展都将带来新的机遇．<br/>　　入世后中国将参与全球经济竞争．这必将给中国带来深远的影响，由此形成的冲击波将涉及各个行业和领域．随着“人才国际化”步伐的逐渐加快。大学生的知识结构和高等教育培养模式必要做出一系列新的调整，从而实现高校培养人才和大学生就业的“双赢”战略．<br/>&nbsp; 一、加入WTO后大学生的就业趋向<br/>&nbsp; (一) 人世为大学生就业提供的有利条件<br/>&nbsp;&nbsp; 入世后，中国经济与全球经济一体化进程加快，产业结构调整和战略性改组以及国际资本和技术的介入，将加大对高层次人才的需求，因此产生的新的就业机会将有利于大学毕业生<br/>的就业．<br/>　　1、入世后中国整体就业机会的增长将给大学毕业生带来新的机遇．<br/>　　随着十五计划的实施和向第三步战略目标的迈进，预计今后五年，我国经济将继续以7-8％的速度增长．据美国著名的信用评估机构杜夫•普公司预测：2000年后，外商在中国的直接投资可望每年增加2000亿美元，这意味着加入WTO我国的GDP增长速度将会提高。我国经济的一般规律是：每增长一个百分点，可能提拱80-100万个就业岗位．也就是说由于经济增长而产生的就业岗位每年至少在600万以上，这将为大学毕业生提供一个基本的就业空间．因此，加入WTO后，我国大学生结业的前景应该是乐观的，对大学生将来的发展是有利的．<br/>　　2、大学生是外企“人才本土化”的最大受益者。<br/>　　中国是世界上现存的尚未开发的最大、最有潜力的市场。中国加入WTO后，将按照国际规则来规范市场经济秩序，进一步扩大对外开放的领域，特别是要有步骤的开发金融、电信、保险、外贸、商业、旅游等服务业，这将对跨国公司产生更强烈的吸引力，国外货币资本、商业资本将纷纷抢摊，引发新一轮的对华投资热潮。据WTO有关报告的估计，世界贸易中的大约1/3是在各跨国公司内部进行的，不同跨国公司之间进行的贸易也占世界贸易的1/3。跨国公司进入中国市场后，出于经营开拓和事业发展的迫切需要，它们首先需要了解并适应我国的国情，而了解国情、民情、行业的现状和相关的法规，其最便捷和最有效的方式莫过于吸纳当地人才，实施“人才本土化”战略。而中国的大学生正可成为他们的首选。中国入世后，大量外资企业的进入，可为我国的各项专业人才带来更多的发展空间与机遇。例如，多年处于低迷状态的国际贸易、国际金融、国际法、外语类人才将大受欢迎。因此，只要高校毕业生拥有良好的素质，必将是入世后受益最大的群体之一。<br/>　　3、国内企业需要接受高素质人才以提高自身的竞争力。<br/>　　进入21世纪，最重要的竞争来自于人才的竞争。入世后，国内企业为了在未来的竞争中取得一席之地，与外来的大公司一决高下，也会采用各种方式提高自身的竞争力，其中最根本的方式就是要引进人才。因此，国内企业对本土人才是渴求的。但是，由于各国经济发展的不平衡，人才往往会从发展中国家流向发达国家，从国内企业流向跨国公司。这样，发达国家成为最大的受益者，发展中国家在通过国际贸易提高国内经济水平的同时，也损失了大量的优秀人才。在我国，随着市场开放力度的不断加大，人才流失问题将会日益严重。而且具备良好的只是储备、创新能力和进取精神的大学生，将会成为外国公司和国内企业抢夺的目标。可以预测，加入WTO后，中国将面临全方位的人才危机。<br/>　　&nbsp;4、“国际化水平”人才的社会需求量将大大提高<br/>　　21世纪最显著的特征是经济全球化，市场一体化，资产证券化，人才国际化。中国入世的社会背景，首先要求大学生应该具备新时代所要求的国际化水平。在思想上，清醒的政治头脑，良好的思想情操是必不可少的；在基本技能上，纯正的双语能力，熟练的计算机能力、流畅的表达能力，诚信的交际水平也是必备的；在综合素质方面，全面合理的知识结构，良好的写作和信息处理能力，以及大胆的科学创新，敬业实干的精神则是对大学生自身修养的进一步要求。同时大学生应具备基本的国际交流礼仪和常识以及理解包容不同的文化、习俗的襟怀。<br/>入世后，中国经济与各国相互依存的关系更加强化，国际标准、国际惯例将成为中国经济运行、发展的总规则。所以，国际化能力还体现在熟悉与专业相关的国际惯例与法律，具备洞悉国际科技发展动态的经济运行走势的敏锐目光，掌握所在专业领域内国际最新动态，并通过及时调整自己的发展方向，提高自己的市场竞争力，来适应这种国际趋势的生存能力。因此，入世无疑对大学毕业生提出了更高层次的要求。正如著名的世贸专家、外经贸大学WTO研究中心常务副主任张汉林教授所说：“中国入世，绝对不是所有人都受益。对于30岁以下的群体，社会对他们的需求更高，他们更需要海纳百川，更需要把自己培养成一个复合型人才。这是经济的国际化和社会的国际化的一个基本需要。”<br/>（二）加入WTO对于大学毕业生就业的不利影响<br/>　　经济全球化是一柄“双刃剑”，我们在对前途乐观估计的同时，也要看到所面临的各种各样困难。加入WTO，经济不可能就立竿见影，在短期内马上腾飞。相反，我国加入WTO后享有的多边的、稳定的、永久的最惠国待遇以降低关税、削弱非关税壁垒和逐步开放市场、逐步减少或取消配额为代价的。这在短期内将对我们的许多行业带来不小的冲击，甚至还会产生阵痛或遇到挫折。例如，入世后，传统的制造业和农业将受到很大的冲击，一些劳动密集型企业在沉重的压力下破产，出现较多的员工下岗现象，这些都会增加就业压力。<br/>　　加入WTO，面对西方国家的冲击和挑战，肯定会出现新陈代谢的现象。一些行业兴起了，一些行业没落了，这是经济发展的必然。市场经济是优胜劣汰的经济，只不过是WTO加剧了这种淘汰。在一定时期内，大学生就业的社会供需结构型矛盾将更加突现出来。首先是学科专业之间，社会对计算机、通讯、土建、电子、自动化、机械等专业大学生供不应求，而对哲学、社会学、考古学、地质学等专业面较窄的学科大学毕业生的需求相对较少。其次是学历结构的不平衡现象。从总量上讲，在短短的两三年之内，毕业生总量增加一倍多，与此同时的大学生的待业群体也将跟着增加，整个就业形势是非常严峻的。从学历结构上看，研究生的就业形势总体看好，本科生的就业不容乐观，专科毕业生将是今后待业大学生的主体，估计占待就业毕业生总人数的60％－70%。这是一个非常大的群体。在今后几年内，整个基数将持续增加，就业率要保持在70％的水平是很困难的。总之，在短期内，由于大学毕业生数量的大量增加，而社会有效需求的增速有限，可能会暂时出现供大于求的局面。<br/>　　总之，我国加入WTO后，机遇和挑战将同时存在。一方面，社会为大学生提供了很多新的就业机会；另一方面，外部的冲击无处不在，社会发展的“优胜劣汰”机制作用也将大大增强。个人的未来发展掌握在大学生自己的手中。<br/>二、对策建议<br/>　　WTO对我国大学生就业的影响是全面和深刻的。高等学校不仅要从学生择业本身做出响应，还应考虑如何从提高全民族的文化素质，从提高教育对经济建设的贡献的角度，更好地应对WTO的挑战。为此，笔者提出以下建议：<br/>（一） 调整人才培养的结构<br/>　　入世后，中国高等教育将在全球化背景下求生存。高校必须以市场为导向，根据社会需要调整人才培养结构，根据人才流向的指导进一步调整高校学科专业结构和课程体系。这样才能够培养出适销对路的人才，提供人才的竞争力。<br/>　　目前，从社会需求的情况来看，专业结构不平衡现象依然存在。高新技术产业特别是信息产业、计算机、通讯等专业人才供不应求；机械、环保、能源、生物等专业的人才需求也是稳中有进。而且，由于第三产业如金融、电信、法律、资信评估、旅游等各类中介服务在入世后将得到重点发展，金融、投资、市场营销、企业管理、法律、外语等专业人才的前景也很看好。而相比之下，哲学、历史、社会学、地质等专业面较窄的文科和理科专业需求较少。高校应该针对这一趋势，对专业教学进行调整，对已开设的市场需求量大的专业必须继续保留并加大投入，扩大本专业招生，对冷门专业以及一部分老专业老学科必须压缩，并减少招生计划。同时，为了适应就业市场的需要，对于其他文科和高职层次的学校，应加强对学生的职业技能培训，这些学校应与劳动部门合作，进行学历证书和职业技能资格证书的双证制试点。<br/>（二） 提高人才培养的质量<br/>　　入世后，知识经济和经济全球化的趋势将在我国表现更加显著，这就对国内高校教学质量、教学方法、教学思想、师资建设等提出了新的挑战。高等教育必须适应这一挑战，从基本技能、职业道德、综合素质等方面培养出具有全球化视野和良好知识储备的高素质人才。<br/>在知识经济时代，各门学科在高度分化、分支越来越多的基础上，又相互渗透、相互交叉，从而产生了许多边缘学科和综合能力性学科。科学发展的这种趋势需要“通才”，即复合型人才。为此，高校应建立制度机制，对专业狭窄的教学模式进行改革，以提供培养人才的质量保证。<br/>　　作为大学生，也要转变观念，有意识地拓宽自己的知识面。在学好专业知识、培养专业技能基础上，尽可能多地涉猎各学科知识．同时，应注重培养自身的组织管理和创新能力，以及人际沟通和语言直达能力，加强团队意识．还应通过积极的社会实践，来培养良好的心理素质以及适应社会的能力．另外，要加强对于WTO有关法律，规章制度的学习，深入了解国际文化的现状与历史渊源，了解国际经济的发展规律和惯例要求，加强外语．计算机能力的学习，将自己塑造成为一个国际型人才。<br/>&nbsp;(三)转变毕业生的择业观念<br/>　　高校就业过程中存在的一个普遍问题是毕业生就业期望值居高不下，择业观念尚存在偏差，就业视野过窄．很多毕业生信奉所谓的“新三到”(到大城市去，到大公司去，到挣钱最多的地方去)．这种择业取向与过去曾经激励干百万毕业生“到祖国最重要的地方去”的追求相比，发生了很大的变化．<br/>　　对于这种择业观的偏差，高校必须加以积极引导和教育．从总体上说，就是要教育当代大学生正确处理国家需要，社会责任和个人利益三者之间的关系．高校就业部门应采取就业指导课、专题讲座、座谈会等形式．使学生了解到．以建设有中国特色的社会主义事业为己任。以积极的态度迎接人才市场的挑战，在国家需要的前提下选择职业，更有利于发挥自身的聪明才智和专业特长．在西部开发急需引进人才的时刻，应鼓励学生到西部去参与国家建设．这是锻炼自身能力，提高自身素质、实现自我价值的一种职业选择．通过教育和引导，逐渐转变学生择业观的偏差，降低毕业生的择业期望值，使学生从“高级专门人才”的光环中跳出来，采取更加务实的态度．<br/>　　此外，高校和社会应积极提倡大学毕业生自主创业．人世以后．国外金融机构的进入将拓宽对非公有经济的融资渠道．风险投资机制也将愈加完善．这将极大促进中小科技民营企业的快速与成长发展，在全社会形成鼓励和扶持自主创业的氛围．为具有创业意识和创业精神，有志于成为“知本家”的大学毕业生提供了前所未有的机遇．高校毕业生不仅仅是被动的求职者。更应成为主动的职业创造者，这是世界高等教育的大趋势和共同呼声。首届世界高等教育大会通过的《世界宣言》中强调：“毕业生将愈来愈不再仅仅是求职者，而首先将成为工作岗位的创造者。”。因此，我们的社会和高校应该鼓励毕业生自主创业．科技创业，艰苦创业．这于国于民于己都是一件好事。<br/>&nbsp;(四)改革高校就业的运作机制<br/>　　日前，高校在就业指导的内容与方式上．与学生的需求还有—定的差距．高校就业指导的主要内容仍局限于对就业政策和就业信息的宣传指导。其实，就业指导不应是忙闲分明的“季节性快餐”，而应实现全过程指导。即面向全体学生开展，逐步建立起从低年级到高年级全程化的就业指导服务体系，实现“职业生涯规划从大一开始”。另外，还应进一步加强高校就业指导实践工作的正规化，科学化，专业化和系统化建设，从而更加贴近学生需要．<br/>　　在完善高校就业服务体系的过程中．应特别注重毕业生就业信息网络的建设．随着中国加入WTO．信息在毕业生就业工作中的作用日益加强．能否广泛收集毕业生资源和需求信息．加快建设毕业生供需信息网络．直接决定了毕业生能否充分顺利就业，毕业生资源能否合理配置．因此，高校就业工作应把信息的收集整理和使用作为重点．把毕业生资源信息公布在校园网及其他人才资源库存网络上，及时向社会发布，便于用人单位查询和访问．完善就业信息网络建设不仅是WTO对中国高校提出的迫切要求，而且在社会特殊时期将具有特殊的意义。在此前—段非典肆虐的时期，毕业生无法充分自由流动．而完善的就业信息网络将帮助毕业生和用人单位在网上进行信息交流．充分保证了供需双方相互选择的便捷、高效。</span></p><p><span style=\"font-family:Arial\"><br/></span></p><p><br/></p>', 'tt', '2018-04-13 14:21:49', '　经过近15年艰苦漫长的谈判．中国于2001年11月23日正式成为世界贸易组织成员．这无论对于世界经济全球化进程，还是中国社会主义市场经济的发展都将带来新的机遇．　　入世后中国将参与全球经济竞争．这必将给中国带来深远的影响，由此形成的冲击波将涉及各个行业和领域．随着“人才国际化”步伐的逐渐加快。大学生的知识结构和高等教育培养模式必要做出一系列新的调整，从而实现高校培养人才和大学生就业的“双赢”战略．  一、加入WTO后大学生的就业趋向  (一) 人世为大学生就业提供的有利条件   入世后，中国经济与全球经济一体化进程加快，产业结构调整和战略性改组以及国际资本和技术的介入，将加大对高层次人才的需求，因此产生的新的就业机会将有利于大学毕业生的就业．　　1、入世后中国整体就业机会的增长将给大学毕业生带来新的机遇．　　随着十五计划的实施和向第三步战略目标的迈进，预计今后五年，我国经济将继续以7-8％的速度增长．据美国著名的信用评估机构杜夫•普公司预测：2000年后，外商在中国的直接投资可望每年增加2000亿美元，这意味着加入WTO我国的GDP增长速度将会提高。我国经济的一般规律是：每增长一个百分点，可能提拱80-100万个就业岗位．也就是说由于经济增长而产生的就业岗位每年至少在600万以上，这将为大学毕业生提供一个基本的就业空间．因此，加入WTO后，我国大学生结业的前景应该是乐观的，对大学生将来的发展是有利的．　　2、大学生是外企“人才本土化”的最大受益者。　　中国是世界上现存的尚未开发的最大、最有潜力的市场。中国加入WTO后，将按照国际规则来规范市场经济秩序，进一步扩大对外开放的领域，特别是要有步骤的开发金融、电信、保险、外贸、商业、旅游等服务业，这将对跨国公司产生更强烈的吸引力，国外货币资本、商业资本将纷纷抢摊，引发新一轮的对华投资热潮。据WTO有关报告的估计，世界贸易中的大约1/3是在各跨国公司内部进行的，不同跨国公司之间进行的贸易也占世界贸易的1/3。跨国公司进入中国市场后，出于经营开拓和事业发展的迫切需要，它们首先需要了解并适应我国的国情，而了解国情、民情、行业的现状和相关的法规，其最便捷和最有效的方式莫过于吸纳当地人才，实施“人才本土化”战略。而中国的大学生正可成为他们的首选。中国入世后，大量外资企业的进入，可为我国的各项专业人才带来更多的发展空间与机遇。例如，多年处于低迷状态的国际贸易、国际金融、国际法、外语类人才将大受欢迎。因此，只要高校毕业生拥有良好的素质，必将是入世后受益最大的群体之一。　　3、国内企业需要接受高素质人才以提高自身的竞争力。　　进入21世纪，最重要的竞争来自于人才的竞争。入世后，国内企业为了在未来的竞争中取得一席之地，与外来的大公司一决高下，也会采用各种方式提高自身的竞争力，其中最根本的方式就是要引进人才。因此，国内企业对本土人才是渴求的。但是，由于各国经济发展的不平衡，人才往往会从发展中国家流向发达国家，从国内企业流向跨国公司。这样，发达国家成为最大的受益者，发展中国家在通过国际贸易提高国内经济水平的同时，也损失了大量的优秀人才。在我国，随着市场开放力度的不断加大，人才流失问题将会日益严重。而且具备良好的只是储备、创新能力和进取精神的大学生，将会成为外国公司和国内企业抢夺的目标。可以预测，加入WTO后，中国将面临全方位的人才危机。　　 4、“国际化水平”人才的社会需求量将大大提高　　21世纪最显著的特征是经济全球化，市场一体化，资产证券化，人才国际化。中国入世的社会背景，首先要求大学生应该具备新时代所要求的国际化水平。在思想上，清醒的政治头脑，良好的思想情操是必不可少的；在基本技能上，纯正的双语能力，熟练的计算机能力、流畅的表达能力，诚信的交际水平也是必备的；在综合素质方面，全面合理的知识结构，良好的写作和信息处理能力，以及大胆的科学创新，敬业实干的精神则是对大学生自身修养的进一步要求。同时大学生应具备基本的国际交流礼仪和常识以及理解包容不同的文化、习俗的襟怀。入世后，中国经济与各国相互依存的关系更加强化，国际标准、国际惯例将成为中国经济运行、发展的总规则。所以，国际化能力还体现在熟悉与专业相关的国际惯例与法律，具备洞悉国际科技发展动态的经济运行走势的敏锐目光，掌握所在专业领域内国际最新动态，并通过及时调整自己的发展方向，提高自己的市场竞争力，来适应这种国际趋势的生存能力。因此，入世无疑对大学毕业生提出了更高层次的要求。正如著名的世贸专家、外经贸大学WTO研究中心常务副主任张汉林教授所说：“中国入世，绝对不是所有人都受益。对于30岁以下的群体，社会对他们的需求更高，他们更需要海纳百川，更需要把自己培养成一个复合型人才。这是经济的国际化和社会的国际化的一个基本需要。”（二）加入WTO对于大学毕业生就业的不利影响　　经济全球化是一柄“双刃剑”，我们在对前途乐观估计的同时，也要看到所面临的各种各样困难。加入WTO，经济不可能就立竿见影，在短期内马上腾飞。相反，我国加入WTO后享有的多边的、稳定的、永久的最惠国待遇以降低关税、削弱非关税壁垒和逐步开放市场、逐步减少或取消配额为代价的。这在短期内将对我们的许多行业带来不小的冲击，甚至还会产生阵痛或遇到挫折。例如，入世后，传统的制造业和农业将受到很大的冲击，一些劳动密集型企业在沉重的压力下破产，出现较多的员工下岗现象，这些都会增加就业压力。　　加入WTO，面对西方国家的冲击和挑战，肯定会出现新陈代谢的现象。一些行业兴起了，一些行业没落了，这是经济发展的必然。市场经济是优胜劣汰的经济，只不过是WTO加剧了这种淘汰。在一定时期内，大学生就业的社会供需结构型矛盾将更加突现出来。首先是学科专业之间，社会对计算机、通讯、土建、电子、自动化、机械等专业大学生供不应求，而对哲学、社会学、考古学、地质学等专业面较窄的学科大学毕业生的需求相对较少。其次是学历结构的不平衡现象。从总量上讲，在短短的两三年之内，毕业生总量增加一倍多，与此同时的大学生的待业群体也将跟着增加，整个就业形势是非常严峻的。从学历结构上看，研究生的就业形势总体看好，本科生的就业不容乐观，专科毕业生将是今后待业大学生的主体，估计占待就业毕业生总人数的60％－70%。这是一个非常大的群体。在今后几年内，整个基数将持续增加，就业率要保持在70％的水平是很困难的。总之，在短期内，由于大学毕业生数量的大量增加，而社会有效需求的增速有限，可能会暂时出现供大于求的局面。　　总之，我国加入WTO后，机遇和挑战将同时存在。一方面，社会为大学生提供了很多新的就业机会；另一方面，外部的冲击无处不在，社会发展的“优胜劣汰”机制作用也将大大增强。个人的未来发展掌握在大学生自己的手中。二、对策建议　　WTO对我国大学生就业的影响是全面和深刻的。高等学校不仅要从学生择业本身做出响应，还应考虑如何从提高全民族的文化素质，从提高教育对经济建设的贡献的角度，更好地应对WTO的挑战。为此，笔者提出以下建议：（一） 调整人才培养的结构　　入世后，中国高等教育将在全球化背景下求生存。高校必须以市场为导向，根据社会需要调整人才培养结构，根据人才流向的指导进一步调整高校学科专业结构和课程体系。这样才能够培养出适销对路的人才，提供人才的竞争力。　　目前，从社会需求的情况来看，专业结构不平衡现象依然存在。高新技术产业特别是信息产业、计算机、通讯等专业人才供不应求；机械、环保、能源、生物等专业的人才需求也是稳中有进。而且，由于第三产业如金融、电信、法律、资信评估、旅游等各类中介服务在入世后将得到重点发展，金融、投资、市场营销、企业管理、法律、外语等专业人才的前景也很看好。而相比之下，哲学、历史、社会学、地质等专业面较窄的文科和理科专业需求较少。高校应该针对这一趋势，对专业教学进行调整，对已开设的市场需求量大的专业必须继续保留并加大投入，扩大本专业招生，对冷门专业以及一部分老专业老学科必须压缩，并减少招生计划。同时，为了适应就业市场的需要，对于其他文科和高职层次的学校，应加强对学生的职业技能培训，这些学校应与劳动部门合作，进行学历证书和职业技能资格证书的双证制试点。（二） 提高人才培养的质量　　入世后，知识经济和经济全球化的趋势将在我国表现更加显著，这就对国内高校教学质量、教学方法、教学思想、师资建设等提出了新的挑战。高等教育必须适应这一挑战，从基本技能、职业道德、综合素质等方面培养出具有全球化视野和良好知识储备的高素质人才。在知识经济时代，各门学科在高度分化、分支越来越多的基础上，又相互渗透、相互交叉，从而产生了许多边缘学科和综合能力性学科。科学发展的这种趋势需要“通才”，即复合型人才。为此，高校应建立制度机制，对专业狭窄的教学模式进行改革，以提供培养人才的质量保证。　　作为大学生，也要转变观念，有意识地拓宽自己的知识面。在学好专业知识、培养专业技能基础上，尽可能多地涉猎各学科知识．同时，应注重培养自身的组织管理和创新能力，以及人际沟通和语言直达能力，加强团队意识．还应通过积极的社会实践，来培养良好的心理素质以及适应社会的能力．另外，要加强对于WTO有关法律，规章制度的学习，深入了解国际文化的现状与历史渊源，了解国际经济的发展规律和惯例要求，加强外语．计算机能力的学习，将自己塑造成为一个国际型人才。 (三)转变毕业生的择业观念　　高校就业过程中存在的一个普遍问题是毕业生就业期望值居高不下，择业观念尚存在偏差，就业视野过窄．很多毕业生信奉所谓的“新三到”(到大城市去，到大公司去，到挣钱最多的地方去)．这种择业取向与过去曾经激励干百万毕业生“到祖国最重要的地方去”的追求相比，发生了很大的变化．　　对于这种择业观的偏差，高校必须加以积极引导和教育．从总体上说，就是要教育当代大学生正确处理国家需要，社会责任和个人利益三者之间的关系．高校就业部门应采取就业指导课、专题讲座、座谈会等形式．使学生了解到．以建设有中国特色的社会主义事业为己任。以积极的态度迎接人才市场的挑战，在国家需要的前提下选择职业，更有利于发挥自身的聪明才智和专业特长．在西部开发急需引进人才的时刻，应鼓励学生到西部去参与国家建设．这是锻炼自身能力，提高自身素质、实现自我价值的一种职业选择．通过教育和引导，逐渐转变学生择业观的偏差，降低毕业生的择业期望值，使学生从“高级专门人才”的光环中跳出来，采取更加务实的态度．　　此外，高校和社会应积极提倡大学毕业生自主创业．人世以后．国外金融机构的进入将拓宽对非公有经济的融资渠道．风险投资机制也将愈加完善．这将极大促进中小科技民营企业的快速与成长发展，在全社会形成鼓励和扶持自主创业的氛围．为具有创业意识和创业精神，有志于成为“知本家”的大学毕业生提供了前所未有的机遇．高校毕业生不仅仅是被动的求职者。更应成为主动的职业创造者，这是世界高等教育的大趋势和共同呼声。首届世界高等教育大会通过的《世界宣言》中强调：“毕业生将愈来愈不再仅仅是求职者，而首先将成为工作岗位的创造者。”。因此，我们的社会和高校应该鼓励毕业生自主创业．科技创业，艰苦创业．这于国于民于己都是一件好事。 (四)改革高校就业的运作机制　　日前，高校在就业指导的内容与方式上．与学生的需求还有—定的差距．高校就业指导的主要内容仍局限于对就业政策和就业信息的宣传指导。其实，就业指导不应是忙闲分明的“季节性快餐”，而应实现全过程指导。即面向全体学生开展，逐步建立起从低年级到高年级全程化的就业指导服务体系，实现“职业生涯规划从大一开始”。另外，还应进一步加强高校就业指导实践工作的正规化，科学化，专业化和系统化建设，从而更加贴近学生需要．　　在完善高校就业服务体系的过程中．应特别注重毕业生就业信息网络的建设．随着中国加入WTO．信息在毕业生就业工作中的作用日益加强．能否广泛收集毕业生资源和需求信息．加快建设毕业生供需信息网络．直接决定了毕业生能否充分顺利就业，毕业生资源能否合理配置．因此，高校就业工作应把信息的收集整理和使用作为重点．把毕业生资源信息公布在校园网及其他人才资源库存网络上，及时向社会发布，便于用人单位查询和访问．完善就业信息网络建设不仅是WTO对中国高校提出的迫切要求，而且在社会特殊时期将具有特殊的意义。在此前—段非典肆虐的时期，毕业生无法充分自由流动．而完善的就业信息网络将帮助毕业生和用人单位在网上进行信息交流．充分保证了供需双方相互选择的便捷、高效。', '2');

-- ----------------------------
-- Table structure for replay
-- ----------------------------
DROP TABLE IF EXISTS `replay`;
CREATE TABLE `replay` (
  `rid` int(11) NOT NULL AUTO_INCREMENT,
  `ruid` int(11) NOT NULL,
  `commId` int(11) NOT NULL,
  `replay` text NOT NULL,
  `rtime` datetime DEFAULT CURRENT_TIMESTAMP ON UPDATE CURRENT_TIMESTAMP,
  PRIMARY KEY (`rid`),
  KEY `fk1` (`ruid`),
  KEY `fk2` (`commId`),
  CONSTRAINT `fk1` FOREIGN KEY (`ruid`) REFERENCES `user` (`id`) ON DELETE CASCADE ON UPDATE CASCADE,
  CONSTRAINT `fk2` FOREIGN KEY (`commId`) REFERENCES `comment` (`id`) ON DELETE CASCADE ON UPDATE CASCADE
) ENGINE=InnoDB AUTO_INCREMENT=20 DEFAULT CHARSET=utf8;

-- ----------------------------
-- Records of replay
-- ----------------------------
INSERT INTO `replay` VALUES ('2', '3', '6', '回复2', '2018-04-11 09:46:50');
INSERT INTO `replay` VALUES ('3', '4', '7', '回复3', '2018-04-11 09:47:01');
INSERT INTO `replay` VALUES ('4', '5', '8', '回复4', '2018-04-11 09:47:07');
INSERT INTO `replay` VALUES ('5', '6', '5', '回复5', '2018-04-11 09:47:50');
INSERT INTO `replay` VALUES ('7', '8', '7', '回复7', '2018-04-11 09:48:10');
INSERT INTO `replay` VALUES ('8', '23', '7', '123213213213213213', '2018-04-11 16:44:54');
INSERT INTO `replay` VALUES ('10', '23', '5', '125', '2018-04-11 16:52:16');
INSERT INTO `replay` VALUES ('11', '23', '8', '2222222', '2018-04-11 16:52:43');
INSERT INTO `replay` VALUES ('12', '23', '5', '252525525252', '2018-04-11 16:55:09');
INSERT INTO `replay` VALUES ('13', '9', '8', '在w3school，你可以找到你所需要的所有的网站建设教程。\n						', '2018-04-12 14:24:32');
INSERT INTO `replay` VALUES ('14', '9', '7', '			dsaaaaaaaaaa事发地点多多多多多多多多多多\n						', '2018-04-12 14:35:54');
INSERT INTO `replay` VALUES ('16', '9', '9', '125854775244', '2018-04-12 17:18:08');
INSERT INTO `replay` VALUES ('17', '5', '10', '123456478', '2018-04-12 17:23:54');
INSERT INTO `replay` VALUES ('18', '5', '10', '12354', '2018-04-12 17:26:13');
INSERT INTO `replay` VALUES ('19', '5', '9', '11111111111', '2018-04-12 17:31:36');

-- ----------------------------
-- Table structure for user
-- ----------------------------
DROP TABLE IF EXISTS `user`;
CREATE TABLE `user` (
  `id` int(11) NOT NULL AUTO_INCREMENT,
  `username` varchar(30) NOT NULL,
  `password` varchar(30) NOT NULL,
  `sex` varchar(2) DEFAULT NULL,
  `email` varchar(30) DEFAULT NULL,
  `statu` int(2) NOT NULL,
  `assoId` int(11) DEFAULT NULL,
  PRIMARY KEY (`id`),
  KEY `f_k` (`assoId`),
  CONSTRAINT `f_k` FOREIGN KEY (`assoId`) REFERENCES `asso` (`id`) ON DELETE SET NULL ON UPDATE SET NULL
) ENGINE=InnoDB AUTO_INCREMENT=36 DEFAULT CHARSET=utf8;

-- ----------------------------
-- Records of user
-- ----------------------------
INSERT INTO `user` VALUES ('1', 'zhangsan', '1112', '男', '110112', '1', '1');
INSERT INTO `user` VALUES ('3', '王五', '3333', '女', '546156', '1', '1');
INSERT INTO `user` VALUES ('4', 'zais', '2221', '男', '范德萨', '1', '3');
INSERT INTO `user` VALUES ('5', '111', '111', '女', '2211@qq.com', '1', '26');
INSERT INTO `user` VALUES ('6', '1112', '1234566666', '女', '123456@qq.com', '1', '29');
INSERT INTO `user` VALUES ('7', '111123', '111112', '女', '111222@qq.com', '1', '13');
INSERT INTO `user` VALUES ('8', '2223', '222222', '男', '222@qq.com', '1', '13');
INSERT INTO `user` VALUES ('9', '123', '123123', '男', '1234156@qq.com', '1', '13');
INSERT INTO `user` VALUES ('10', '255', '255255', '女', '255@qq.com', '1', '13');
INSERT INTO `user` VALUES ('11', '224', '224224', '女', '224@gd.com', '1', '13');
INSERT INTO `user` VALUES ('13', '2222', '222222', '男', '228@gd.com', '1', '13');
INSERT INTO `user` VALUES ('15', '123321', '123321', '女', '123321@qq.com', '1', '13');
INSERT INTO `user` VALUES ('16', '1233', '1233', '女', '12333@qq.com', '1', '13');
INSERT INTO `user` VALUES ('17', '1244', '1244', '男', '1244@qq.com', '1', '13');
INSERT INTO `user` VALUES ('18', '124', '124', '男', '124@qq.com', '1', '32');
INSERT INTO `user` VALUES ('19', '123456', '123456', '女', '12345678@qq.com', '0', '23');
INSERT INTO `user` VALUES ('21', '网', '111', '男', '11111@qq.com', '0', '28');
INSERT INTO `user` VALUES ('22', '2瓦', '1111', '男', '11@qq.com', '0', '30');
INSERT INTO `user` VALUES ('23', 'admin', 'admin', '男', 'fd@qq.com', '1', null);
INSERT INTO `user` VALUES ('24', '22222', '22222', '男', '22222@oo.com', '0', '13');
INSERT INTO `user` VALUES ('26', '33333', '33333', '男', '33333@qq.com', '0', '13');
INSERT INTO `user` VALUES ('27', '112', '112', '男', '1222@qq.com', '1', '23');
INSERT INTO `user` VALUES ('28', '201430089111', '1111', '男', '1111@qq.com', '1', '32');
INSERT INTO `user` VALUES ('29', '201430089112', '1111', '女', '112@qq.com', '1', '32');
INSERT INTO `user` VALUES ('30', '2014300891113', '1111', '男', '113@qq.com', '1', '32');
INSERT INTO `user` VALUES ('31', '201430089114', '1111', '女', '114@qq.com', '1', '32');
INSERT INTO `user` VALUES ('32', '201430089115', '1111', '女', '115@qq.com', '1', '32');
INSERT INTO `user` VALUES ('33', '201430089116', '1111', '女', '116@qq.com', '1', '32');
INSERT INTO `user` VALUES ('34', '201430089117', '1111', '女', '117@qq.com', '1', '32');
INSERT INTO `user` VALUES ('35', '201430089118', '1111', '男', '118@qq.com', '1', '32');
SET FOREIGN_KEY_CHECKS=1;
