/*
Navicat MySQL Data Transfer

Source Server         : mysql
Source Server Version : 50721
Source Host           : localhost:3306
Source Database       : stu_man_sys

Target Server Type    : MYSQL
Target Server Version : 50721
File Encoding         : 65001

Date: 2018-04-10 17:24:18
*/

SET FOREIGN_KEY_CHECKS=0;

-- ----------------------------
-- Table structure for admin
-- ----------------------------
DROP TABLE IF EXISTS `admin`;
CREATE TABLE `admin` (
  `id` int(11) NOT NULL AUTO_INCREMENT,
  `username` varchar(100) NOT NULL,
  `password` varchar(100) NOT NULL,
  `email` varchar(100) DEFAULT NULL,
  `assoId` int(11) DEFAULT NULL,
  `lock` int(2) unsigned zerofill DEFAULT NULL,
  PRIMARY KEY (`id`),
  UNIQUE KEY `idx_users_username` (`username`),
  KEY `fk_as_ad` (`assoId`),
  CONSTRAINT `fk_as_ad` FOREIGN KEY (`assoId`) REFERENCES `asso` (`id`) ON DELETE CASCADE ON UPDATE CASCADE
) ENGINE=InnoDB AUTO_INCREMENT=62 DEFAULT CHARSET=utf8;

-- ----------------------------
-- Records of admin
-- ----------------------------
INSERT INTO `admin` VALUES ('23', 'admin', 'admin', '1126@qq.com', null, '01');
INSERT INTO `admin` VALUES ('27', '113', '113', '1131@qq.com', null, null);
INSERT INTO `admin` VALUES ('28', '114', '114', '114@qq.com', null, null);
INSERT INTO `admin` VALUES ('29', '1111', '1111', '1111@qq.com', '1', null);
INSERT INTO `admin` VALUES ('30', '1112', '1112', '1112@qq.com', '2', null);
INSERT INTO `admin` VALUES ('31', '1113', '1113', '1113@qq.com', '3', null);
INSERT INTO `admin` VALUES ('32', '1114', '1114', '1114@qq.com', '4', null);
INSERT INTO `admin` VALUES ('33', '1115', '1115', '1115@qq.com', '5', null);
INSERT INTO `admin` VALUES ('34', '1116', '1116', '1116@qq.com', '6', null);
INSERT INTO `admin` VALUES ('35', '1117', '1117', '1117@qq.com', '7', null);
INSERT INTO `admin` VALUES ('36', '1118', '1118', '1119@qq.com', '8', null);
INSERT INTO `admin` VALUES ('37', '1119', '1119', '1119@qq.com', '9', null);
INSERT INTO `admin` VALUES ('38', '1120', '1120', '1120@qq.com', '10', null);
INSERT INTO `admin` VALUES ('39', '1121', '1121', '1121@qq.com', '11', null);
INSERT INTO `admin` VALUES ('40', '1122', '1122', '1122@qq.com', '12', null);
INSERT INTO `admin` VALUES ('41', '1123', '1123', '1123@qq.com', '13', null);
INSERT INTO `admin` VALUES ('42', '1124', '1124', '1124@qq.com', '14', null);
INSERT INTO `admin` VALUES ('43', '1125', '1125', '1125@qq.com', '15', null);
INSERT INTO `admin` VALUES ('44', '1126', '1126', '1126@qq.com', '16', null);
INSERT INTO `admin` VALUES ('45', '1127', '1127', '1127@qq.com', '17', null);
INSERT INTO `admin` VALUES ('46', '1128', '1128', '1128@qq.com', '18', null);
INSERT INTO `admin` VALUES ('47', '1129', '1129', '1129@qq.com', '19', null);
INSERT INTO `admin` VALUES ('48', '1130', '1130', '1130@qq.com', '20', null);
INSERT INTO `admin` VALUES ('50', '1131', '1131', '1131@qq.com', '21', null);
INSERT INTO `admin` VALUES ('51', '1132', '1132', '1132@qq.com', '22', null);
INSERT INTO `admin` VALUES ('52', '1133', '1133', '1133@qq,com', '23', null);
INSERT INTO `admin` VALUES ('53', '1134', '1134', '1134@qq.com', '24', null);
INSERT INTO `admin` VALUES ('54', '1135', '1135', '1135@qq.com', '25', null);
INSERT INTO `admin` VALUES ('55', '1136', '1136', ' 1136@qq.com', '26', null);
INSERT INTO `admin` VALUES ('56', '1137', '1137', ' 1137@qq.com', '27', null);
INSERT INTO `admin` VALUES ('57', '1138', '1138', '1138@qq.com', '28', null);
INSERT INTO `admin` VALUES ('58', '1139', '1139', '1139@qq.com', '29', null);
INSERT INTO `admin` VALUES ('59', '1140', '1140', '1140@qq.com', '30', null);
INSERT INTO `admin` VALUES ('61', '1141', ' 1141', '1141@qq.com', '32', null);

-- ----------------------------
-- Table structure for asso
-- ----------------------------
DROP TABLE IF EXISTS `asso`;
CREATE TABLE `asso` (
  `id` int(11) NOT NULL AUTO_INCREMENT,
  `tname` varchar(30) NOT NULL,
  `description` text,
  `logo` varchar(255) DEFAULT NULL,
  `cid` int(11) DEFAULT NULL,
  PRIMARY KEY (`id`),
  KEY `fk_c` (`cid`),
  CONSTRAINT `fk_c` FOREIGN KEY (`cid`) REFERENCES `category_` (`id`) ON DELETE SET NULL ON UPDATE SET NULL
) ENGINE=InnoDB AUTO_INCREMENT=35 DEFAULT CHARSET=utf8;

-- ----------------------------
-- Records of asso
-- ----------------------------
INSERT INTO `asso` VALUES ('1', '社联', '华南理工大学广州学院学生社团联合会，我们成立于 2008 年 9 月 26 日，一直以“发展学生社团，繁荣校园文化，推进素质教育”为宗旨，坚持“全心全意为社团服务”的理念，对我校学生社团进行服务、管理与监督。下设八大职能部门：办公室、财产物资部、策划组织部、外联部、宣传部、调研部、文字编辑部、美编设计部，力争为我校学生社团营造一个和谐良好的发展环境。迄今，华广学生社团联合会旗下的学生社团数量已达 57 个，并按其性质分为五大类：学习实践类、体育竞技类、社会公益类、学术科技类与文化艺术类，各大社团齐头并进，共同为打造优秀的学生社团氛围而不断发展壮大。其中“缤FUN华年”学生社团主题系列活动更是成为我校规模最大，影响最广，深受我校师生喜爱的活动之一。', '社联.jpg', null);
INSERT INTO `asso` VALUES ('2', 'MDG模联社', '估计很多人对模联都是一脸茫然（这啥玩意？）\r\n简单来说，模拟联合国，是一项社交活动，可以让你学到课本之外的知识，锻炼你的口才和思维能力，让你交到来自各个学校的新朋友，能够玩得开心的活动。\r\n  模联会让你从一次次会议中加强你的责任感、社交能力、领袖能力、大局观、敏捷的思维、优秀的口才能力……甚至是终身的知己以及从课本上永远都学不不到的知识！', '2ec61a01213fb80e46b6b9f935d12f2eb938946c.jpg', '2');
INSERT INTO `asso` VALUES ('3', '榕旭文学社', '榕与旭的融合，正如古老源远的文学艺术与青年的碰撞。你是否愿意腾空而起，化身成灼眼的旭日，将全身的光辉洒向细碎的榕叶？你是否愿意将自己年轻躁动的心灵与文学艺术持续千年的古老脉搏相贴近？加入我们，一道上路吧。', '3.jpg', '3');
INSERT INTO `asso` VALUES ('4', '韩语社', '我们不仅教授一些基础的韩语，还会传授学弟学妹们一些韩国团体的歌/舞哟，更有参加活动表演自家爱豆歌曲的机会^^当然，兴趣部的学姐也会和喜欢韩剧的宝宝讨论热播韩剧哒！', '4.jpg', '4');
INSERT INTO `asso` VALUES ('5', '德语社', '这里是邪魅娟狂高大上的酷炫德语社！我们德语社创立于2015年的招新前夕，是一个年轻但充满朝气的社团！在这个温暖有爱的大家庭里，你可以学习到基础字母、音节、数字、发音规则和日常用语等，足以让你在同学面前小秀一遭√我们也会结合课程讲一些有关德国的动漫，历史，骨科『误』之类的，让课程多元化，还会发放福利的哦『放放德语电影发发小零食什么的啦』！', '5.jpg', '1');
INSERT INTO `asso` VALUES ('6', '星岚文史社', '星，是夜空的明珠；岚，是朦胧的面纱。文史，正如夜空繁星与林间幽雾，悠远神秘而又引人入胜。　这就是我们星岚文史学社。在这里你将拥有展现自己的舞台；在这里你将探索历史的奥秘；在这里你将感受到文史的纵横豪放，也将体验到国学知识竞赛中的龙争虎斗。', '6.jpg', '5');
INSERT INTO `asso` VALUES ('7', 'i7魔术社', '一中i7魔术社成立至今已有十年，无论你之前是否有接触过魔术，只要你对魔术有着向往和兴趣，i7这个大家庭随时都欢迎你的加入。', '7.jpg', '55');
INSERT INTO `asso` VALUES ('8', 'Musiclub ', '“我们闯入未来，但双眼却被太阳蒙蔽。我们每时每刻都在重生，谁也没办法知道下一秒我们将成为什么。束缚我们的锁链终将崩裂，我们将身上的血舔舐而尽，原始的荒蛮与文明如洪荒般冲袭而来。这是我们的声音，耶路撒冷的钟声敲响般的圣洁优雅，在阴霾中刺出一道圣光。', '8.jpg', '2');
INSERT INTO `asso` VALUES ('9', '春华摄影社', '踏过一道白光，迈入一片阴影，我们穿行于光影交织的空间：定格被雨滴晕染的繁花，印刻被岁月泛黄的胶卷。', '9.jpg', '3');
INSERT INTO `asso` VALUES ('10', '翰墨书法社', '翰墨书法社是一个以交流写字技巧为主要活动形式的社团。', '10.jpg', '4');
INSERT INTO `asso` VALUES ('11', '芝星电影社', '芝星电影社是一个让广大爱好电影的同学们展示自我和相互交流的社团。同学们可以在这里感受到电影所带来的魅力，并且有机会亲身参与进微电影的制作中，更加真切地体会到电影对我们的意义。', '11.jpg', '5');
INSERT INTO `asso` VALUES ('12', 'F.F.F吉他社', '我们是F.F.F.吉他社\r\nFascinating，Felicitous，Faithful，即迷人的，灵巧的，忠诚的，这是我们吉他社的宗旨\r\n我们一直在寻找，寻找一些人，一些和我们志趣相投的人。', '12.jpg', '2');
INSERT INTO `asso` VALUES ('13', 'ShowMe话剧社1222', 'ShowMe话剧社成立于2010年，至今已于校园内屹立7年之久！2222', '76c11e6d55fbb2fb5784a33c4c4a20a44623dc24.jpg', '55');
INSERT INTO `asso` VALUES ('14', '游鱼橡皮章社', '这里是游鱼橡皮章社.一个让你的橡皮变得special的gensokyo——成立于2016年6月，旨在促进社团成员在爱好和学习上互帮互助，共同进步，以业余的爱好缓解学习压力，促进全面发展，咳……', '14.jpg', '2');
INSERT INTO `asso` VALUES ('15', '摘星阁天文社', '往古来今谓之宙，四方上下谓之宇。宇宙神秘莫测又与我们息息相关，其蕴含无尽的知识和美丽神秘的星空吸引着无数学者为之痴迷。一中天文学会是一个很好的平台对于天文爱好者，可以让一届届天文爱好者在天文社学习知识、观测天体，燃烧热情', '15.jpg', '3');
INSERT INTO `asso` VALUES ('16', '纸艺社', '纸艺社，就是使用不同规格的纸张折出各式各样的作品。在纸艺社，你将会学习折纸教程中的基本符号与一些可爱的小作品；探讨在折纸上遇到的困难；也可以没事与社员嗑嗑瓜子，唠唠嗑。', '16.jpg', '5');
INSERT INTO `asso` VALUES ('17', 'AE电音社', ' 当下，电子音乐涉足领域覆盖了国内外乐坛的很大部分。在中国，更是开启了电音元年，全球最大电音节Ultra进军中国，王思聪生日多次邀请大牌DJ，不可否认的是，电子音乐越来越受欢迎。', '17.jpg', '4');
INSERT INTO `asso` VALUES ('18', '篮球社', '宗旨：让每个热爱篮球的人实现篮球梦。', '18.jpg', '5');
INSERT INTO `asso` VALUES ('19', '乒乓球社', '我们疾行于球台前，会神于挥拍间，比赛时沉稳而不失狂野。赛后，练习时，我们却总是欢声笑语，活泼无限。 没错，这就是我们活泼青春激情四射的一中乒乓球社，一个温暖的大家庭~', '19.jpg', '1');
INSERT INTO `asso` VALUES ('20', '医学爱好者协会', '欢迎加入医学爱好者协会！简称医协，是爱好医学知识者的集聚地。这里能够讨论自己对各类医学知识的见解，提出自己的疑惑，更可以提高自己的医学素养，扩展自己的知识面。', '20.jpg', '2');
INSERT INTO `asso` VALUES ('21', 'DT协会', '青岛科技大学DT协会（Data Technogical协会）是一个由一群喜爱传媒技术的青科大学生组成的，兼顾图片处理和视频剪辑的学生社团。在现在这种社会的背景下，学习和交流大数据社会下我们应该如何去把握市场，如何在这种情况下运用大数据。未来大数据是发展中非常重要的东西，学会搜集和处理数据。不断学习跟巩固互联网的营销模式跟大数据时代的创新，创业。培养学生们的兴趣，给喜欢互联网，喜欢大数据的同学们提供一个交流，学习，共同进步的学生组织社团。其下设秘书部、宣传部、外联部相关部门。', '21.png', '3');
INSERT INTO `asso` VALUES ('22', 'Marvel魔方协会', '青岛科技大学marvel魔方协会成立于2013年10月，在2014年正式由魔方协会更名为marvel魔方协会，原魔方协会可以追溯到2010年，是由青岛科技大学魔方高手以及有丰富的教学经验的魔方爱好者共同发起建立的，是以弘扬魔方文化，丰富校园生活，提高魔方爱好者的速拧水平为目标的学生社团。', '23.jpg', '3');
INSERT INTO `asso` VALUES ('23', '魅影曳步舞协会', '魅影曳步舞协会成立于2015年5月24日。魅影曳步舞协会是青岛科技大学校级社团，为三星级社团，属于兴趣爱好类社团。魅影曳步舞协会是一群热爱曳步舞、充满激情、积极向上、幽默友爱、团结互助的大学生聚集地。在这里有互帮互助的同学，有积极进取的朋友，更有情深四海的兄弟，如果你希望在舞蹈中找到一群可以生死相依、志同道合的伙伴，希望不断取得进步，那么，别犹豫，我们等的就是你！你要找的就是我们，我们在这里等着你！为了方便于管理，内部分为会长、副会长、秘书长、教练、后勤等几个部分。', '24.png', '55');
INSERT INTO `asso` VALUES ('24', '音乐爱好者协会', '青岛科技大学音乐爱好者协会成立于1999年9月9日，是校团委领导下的全校性的学生社团组织.。协会下设秘书处，宣传部，组织部，外联部，策划部等五大部门。协会开设了免费的特色吉他班，即由水平较高的会员为喜爱吉他的同学传授技艺，大家互相交流学习，切磋技艺，共同进步。即使你没有任何音乐功底也可以参加。我们还会为会员提供演出锻炼的机会，让你在这里展现才能。总之，只要你喜欢音乐，只要你拥有才能，只要你怀揣梦想，我们真诚欢迎你的加入，们的目标是：让生活充满音乐，没有寂寞', '25.jpg', '4');
INSERT INTO `asso` VALUES ('25', '缤彩魔术气球社', '本社团成立于2016年9月百团大战之时。本社团是一个致力于让每位社员掌握气球艺术造型入门技巧的兴趣社团，同时本社团也旨在让每一位对气球感兴趣的同学可以完成从“学习气球”“实践气球”到“创造气球”的转变，发掘每位社员的创造力是我们应有的职责。纵观全国，气球社团只在中小学生中出现过，大学生社团中气球社团可以说是我们只此一家。虽然没有前车之鉴，但这也给了我们机会来发扬“敢为人先，开拓创新”的科大精神。作为一个新成立社团，本社团必定牢记“橡胶品格”，克服发展道路上的所有困难，让气球成为我们人生发展的第一步。', '26.jpg', '1');
INSERT INTO `asso` VALUES ('26', '魔方协会', '魔方协会是2016年新成立的社团，本着以魔会友的理念，由一群热爱魔方的小伙伴共同成立。还记得曾经那个童年的小小梦想么？', '27.jpg', '2');
INSERT INTO `asso` VALUES ('27', '凌空排球社', '青岛科技大学凌空排球社正式成立于2014年，由一群热爱排球并希望将这种运动传承和继续下去的同学们创立。排球社创建的目的是更加广泛地将排球这项运动在校园里传播 。我们经常组织训练，为新老会员提供了一个广大的舞台来展示自己的球技，这样既能使老队员们满意地“退役”，又让年轻队员拥有展示自我、大显身手的机会；我们还常与兄弟协会一起举办友谊赛，旨在促进所有排球爱好者的交流和沟通，让大家能够更好地互相认识了解。排球社以“热爱排球、玩耍排球、享受排球”为宗旨，以提倡全民运动、增强体质、发展团结为目标；以广交朋', '28.jpg', '55');
INSERT INTO `asso` VALUES ('28', '梅花桩武术协会', '青岛科技大学梅花桩武术协会（四方校区）成立于2002年11月14日，内部分设秘书处、财务部、宣传部、技术部以及组织部。梅花拳属于传统武术，是采周易之神奇妙用，夺孙子兵法之谋略，深受传统文化影响的一支文武合一的文化，故梅花桩最大的特点是文武合一， 以武治心，通过平时的训练和对拳理的学习达到“强身健体，技击制敌，开发智慧”的目的。梅花桩协会成立的宗旨是“弘扬中华传统文化，传承梅花拳，渡人渡己”，经过15年来老师与师兄师姐们的不懈努力，青科梅花武协得到了飞速发展，吸引了一大批热爱武术的志同道合之士加入，人员不断发展壮大，社团管理有章可依，各部门各司其职，内部结构不断优化。', '56A64AC3D8CC5E0CEBFE98FCF89_AA9D7843_7D19.png', '2');
INSERT INTO `asso` VALUES ('29', 'Be Young英语晨读社团', 'Be Young英语晨读社团成立于2012年5月，是由每天在东山操场上晨读的一个阳光快乐的Big Family组成的青岛科技大学校级社团。社团以“提高自己，帮助他人”为宗旨，举行晨读过程中有英语达人带练，专业细致地讲解五十个美式音标，每周会有一篇脱口而出的英语演讲，系统地为有共同爱好的人提升英文听说实力，让你说一口标准流利的英文，做英语实力最牛的理科生！此外，社团还会举办英语角，演讲比赛，教英文歌曲等趣味活动，让我们快乐热血的爱上英文！Be Young教你玩转英文，高分飘过四六级！想让你的大学生活变得不一样么，这里有一群快乐洒脱实力超群的人儿哦！', 'E6A242820B5E375D2EC8FDB2511_B85362EC_31568.png', '55');
INSERT INTO `asso` VALUES ('30', '职业精英社', '我社注重理论与学习实践相结合，校内活动和校外项目兼容发展的模式，结合校园代理、市场开发、项目合作、兼职就业与一身，引导青岛科大各个学院充满激情、满怀报负的创业精英，使同学们认清社会形势，顺应社会潮流，提高团队合作意识，创业意识，自助择业，自主创业，书写新一届的精英传奇。', 'fe6c8e4bd11373f02c55b6b1a70f4bfbfbed0461.jpg', '4');
INSERT INTO `asso` VALUES ('32', '缘弈棋社', '缘弈棋社成立于2010年6月2日，是由棋类爱好者组织形成的学习型兴趣爱好类学生社团组织，缘弈棋社以弘扬中华名族博大精深的棋类文化为目标，以“以棋会友”为宗旨，为广大棋类爱好者提供一个真实有效的切磋交流平台。棋社下设秘书部、组织部、外联部、宣传部、技艺部和四大棋队。', 'qishe.jpg', '5');

-- ----------------------------
-- Table structure for category_
-- ----------------------------
DROP TABLE IF EXISTS `category_`;
CREATE TABLE `category_` (
  `id` int(11) NOT NULL AUTO_INCREMENT,
  `category` varchar(100) NOT NULL,
  PRIMARY KEY (`id`)
) ENGINE=InnoDB AUTO_INCREMENT=56 DEFAULT CHARSET=utf8;

-- ----------------------------
-- Records of category_
-- ----------------------------
INSERT INTO `category_` VALUES ('1', '学习实践类社团');
INSERT INTO `category_` VALUES ('2', '体育竞技类社团');
INSERT INTO `category_` VALUES ('3', '社会公益类社团');
INSERT INTO `category_` VALUES ('4', '学术科技类社团');
INSERT INTO `category_` VALUES ('5', '文化艺术类社团');
INSERT INTO `category_` VALUES ('55', '人文社会类社团');

-- ----------------------------
-- Table structure for comment
-- ----------------------------
DROP TABLE IF EXISTS `comment`;
CREATE TABLE `comment` (
  `id` int(11) NOT NULL AUTO_INCREMENT,
  `uid` int(11) NOT NULL,
  `comment` text,
  `time` datetime DEFAULT CURRENT_TIMESTAMP ON UPDATE CURRENT_TIMESTAMP,
  PRIMARY KEY (`id`),
  KEY `fk_ucid` (`uid`),
  CONSTRAINT `fk_ucid` FOREIGN KEY (`uid`) REFERENCES `user` (`id`) ON DELETE CASCADE ON UPDATE CASCADE
) ENGINE=InnoDB AUTO_INCREMENT=9 DEFAULT CHARSET=utf8;

-- ----------------------------
-- Records of comment
-- ----------------------------
INSERT INTO `comment` VALUES ('1', '1', '社团是干什么的', null);
INSERT INTO `comment` VALUES ('2', '3', '社团有啥用', null);
INSERT INTO `comment` VALUES ('5', '4', '回复1', null);
INSERT INTO `comment` VALUES ('6', '5', '回复2', null);
INSERT INTO `comment` VALUES ('7', '6', '回复3', null);
INSERT INTO `comment` VALUES ('8', '7', '回复3', '2018-04-09 16:48:25');

-- ----------------------------
-- Table structure for news
-- ----------------------------
DROP TABLE IF EXISTS `news`;
CREATE TABLE `news` (
  `id` int(11) NOT NULL AUTO_INCREMENT,
  `aid` int(11) NOT NULL,
  `title` varchar(255) NOT NULL,
  `content` text NOT NULL,
  `author` varchar(30) NOT NULL,
  `time` datetime DEFAULT CURRENT_TIMESTAMP COMMENT '创建时间',
  `click` int(11) unsigned zerofill DEFAULT NULL,
  `contentText` text,
  PRIMARY KEY (`id`),
  KEY `fk_as_con` (`aid`),
  CONSTRAINT `fk_as_con` FOREIGN KEY (`aid`) REFERENCES `admin` (`id`) ON DELETE CASCADE ON UPDATE CASCADE
) ENGINE=InnoDB AUTO_INCREMENT=48 DEFAULT CHARSET=utf8;

-- ----------------------------
-- Records of news
-- ----------------------------
INSERT INTO `news` VALUES ('37', '61', '“钟鸣鼎食——从晋侯墓地出土青铜器谈起”主题讲座成功举办', '<p style=\"color: rgb(67, 67, 67); font-family: 微软雅黑; font-size: 13px; text-indent: 0em; white-space: normal; background-color: rgb(255, 255, 255); line-height: 19.5px;\"><span style=\"font-family: 宋体; line-height: 28.5px; font-size: 19px;\"><span style=\"line-height: 24px; font-size: 16px; font-family: 宋体, SimSun;\"><span style=\"line-height: 24px;\">由四川大学历史文化学院（旅游学院）学术科技部承办的第八届</span>“钟鸣鼎食——从晋侯墓地出土青铜器谈起”于2018年3月30日晚7:20在江安校区第一教学楼A座109教室成功举办。</span></span></p><p style=\"color: rgb(67, 67, 67); font-family: 微软雅黑; font-size: 13px; text-indent: 0em; white-space: normal; background-color: rgb(255, 255, 255); line-height: 19.5px;\"><span style=\"line-height: 24px; font-size: 16px; font-family: 宋体, SimSun;\">&nbsp;&nbsp;&nbsp;&nbsp;本次活动邀请了黎海超老师进行主讲，吸引了许多对此感兴趣的同学前来参加。</span></p><p style=\"color: rgb(67, 67, 67); font-family: 微软雅黑; font-size: 13px; text-indent: 0em; white-space: normal; background-color: rgb(255, 255, 255); line-height: 19.5px;\"><span style=\"line-height: 24px; font-size: 16px; font-family: 宋体, SimSun;\">&nbsp;&nbsp;&nbsp;&nbsp;活动伊始，本次活动的主持人章洋同学介绍了本次活动的背景并对主讲人黎海超老师进行了简要的介绍，然后讲座正式开始。</span></p><p style=\"color: rgb(67, 67, 67); font-family: 微软雅黑; font-size: 13px; white-space: normal; background-color: rgb(255, 255, 255); text-indent: 37px; line-height: 19.5px;\"><span style=\"font-family: 宋体; line-height: 28.5px; font-size: 19px;\">&nbsp;</span></p><p style=\"color: rgb(67, 67, 67); font-family: 微软雅黑; font-size: 13px; white-space: normal; background-color: rgb(255, 255, 255); text-align: center;\"><img src=\"http://localhost:8080/stuman/img/uploadimg/20180410/1523349946064008428.png\" title=\"1523349946064008428.png\" alt=\"6365817947049310592644045.png\"/></p><p style=\"color: rgb(67, 67, 67); font-family: 微软雅黑; font-size: 13px; white-space: normal; background-color: rgb(255, 255, 255); text-indent: 37px; line-height: 19.5px;\"><span style=\"font-family: 宋体; line-height: 28.5px; font-size: 19px;\"></span></p><p style=\"color: rgb(67, 67, 67); font-family: 微软雅黑; font-size: 13px; white-space: normal; background-color: rgb(255, 255, 255); text-indent: 37px; text-align: center; line-height: 19.5px;\"><span style=\"line-height: 24px; font-family: 宋体, SimSun; font-size: 16px;\">（注：图为章洋同学主持讲座）</span></p><p style=\"color: rgb(67, 67, 67); font-family: 微软雅黑; font-size: 13px; text-indent: 0em; white-space: normal; background-color: rgb(255, 255, 255); line-height: 19.5px;\"><span style=\"line-height: 24px; font-size: 16px; font-family: 宋体, SimSun;\">&nbsp;&nbsp;&nbsp;&nbsp;黎海超老师首先讲了钟鼎和礼乐的关系，简要介绍了编钟、列鼎制度、晋国史实、晋侯墓地等相关背景知识，方便同学们理解接下来讲述的内容。</span></p><p style=\"color: rgb(67, 67, 67); font-family: 微软雅黑; font-size: 13px; text-indent: 0em; white-space: normal; background-color: rgb(255, 255, 255); line-height: 19.5px;\"><span style=\"line-height: 24px; font-size: 16px; font-family: 宋体, SimSun;\">&nbsp;&nbsp;&nbsp;&nbsp;接下来，黎海超老师主要通过两个故事向同学们展示了青铜器和历史方面的知识。</span></p><p style=\"color: rgb(67, 67, 67); font-family: 微软雅黑; font-size: 13px; text-indent: 0em; white-space: normal; background-color: rgb(255, 255, 255); line-height: 19.5px;\"><span style=\"line-height: 24px; font-size: 16px; font-family: 宋体, SimSun;\">&nbsp;&nbsp;&nbsp;&nbsp;在第一个故事“晋侯稣钟”中，黎海超老师提到了钟的特殊之处，即刻在钟上的铭文以及钟的来历，特别提到了铭文的内容与晋侯稣立战功受周王封赏有关。接着展示了部分青铜器，如晋侯对壶和兔尊。</span></p><p style=\"color: rgb(67, 67, 67); font-family: 微软雅黑; font-size: 13px; white-space: normal; background-color: rgb(255, 255, 255); text-indent: 37px; line-height: 19.5px;\"><span style=\"font-family: 宋体; line-height: 28.5px; font-size: 19px;\">&nbsp;</span></p><p style=\"color: rgb(67, 67, 67); font-family: 微软雅黑; font-size: 13px; white-space: normal; background-color: rgb(255, 255, 255); text-align: center;\"><img src=\"http://localhost:8080/stuman/img/uploadimg/20180410/1523349963611026726.png\" title=\"1523349963611026726.png\" alt=\"6365817949047674101316736.png\"/></p><p style=\"color: rgb(67, 67, 67); font-family: 微软雅黑; font-size: 13px; white-space: normal; background-color: rgb(255, 255, 255); text-indent: 37px; line-height: 19.5px;\"><span style=\"font-family: 宋体; line-height: 28.5px; font-size: 19px;\"></span></p><p style=\"color: rgb(67, 67, 67); font-family: 微软雅黑; font-size: 13px; white-space: normal; background-color: rgb(255, 255, 255); text-indent: 37px; text-align: center; line-height: 19.5px;\"><span style=\"line-height: 24px; font-family: 宋体, SimSun; font-size: 16px;\">（注：图为黎海超老师进行讲解）</span></p><p style=\"color: rgb(67, 67, 67); font-family: 微软雅黑; font-size: 13px; text-indent: 0em; white-space: normal; background-color: rgb(255, 255, 255); line-height: 19.5px;\"><span style=\"font-family: 宋体; line-height: 24px; font-size: 16px;\">&nbsp;&nbsp;&nbsp;&nbsp;第二个故事介绍了三件青铜器——“晋姜鼎”“戎生编钟”“楚公逆钟”。提到晋姜鼎、戎生编钟与晋国用盐去楚国换铜料有关，并指出这个普通的事件对研究当时的经济、生产的意义；转而提到在晋国墓地发掘出的楚公编钟。接着黎海超老师向同学们简单介绍了考古研究中的部分方法，例如利用铅同位素的方法。然后黎海超老师提到了铜绿山的发掘，展示了井巷支护结构，提及了发掘工作中的“35枚赤足印”的故事。通过第二个故事，黎海超老师向我们展示了科技在考古工作中的应用，展现了考古学科的综合性。</span></p><p style=\"color: rgb(67, 67, 67); font-family: 微软雅黑; font-size: 13px; white-space: normal; background-color: rgb(255, 255, 255); text-indent: 37px; line-height: 19.5px;\"><span style=\"font-family: 宋体; line-height: 28.5px; font-size: 19px;\">&nbsp;</span></p><p style=\"color: rgb(67, 67, 67); font-family: 微软雅黑; font-size: 13px; white-space: normal; background-color: rgb(255, 255, 255); text-align: center;\"><img src=\"http://localhost:8080/stuman/img/uploadimg/20180410/1523349970859058361.png\" title=\"1523349970859058361.png\" alt=\"6365817951751158843401414.png\"/></p><p style=\"color: rgb(67, 67, 67); font-family: 微软雅黑; font-size: 13px; white-space: normal; background-color: rgb(255, 255, 255); text-indent: 37px; line-height: 19.5px;\"><span style=\"font-family: 宋体; line-height: 28.5px; font-size: 19px;\"></span></p><p style=\"color: rgb(67, 67, 67); font-family: 微软雅黑; font-size: 13px; white-space: normal; background-color: rgb(255, 255, 255); text-indent: 37px; text-align: center; line-height: 19.5px;\"><span style=\"line-height: 24px; font-family: 宋体; font-size: 16px;\">（注：图为黎海超老师讲解，同学们认真听讲）</span></p><p style=\"color: rgb(67, 67, 67); font-family: 微软雅黑; font-size: 13px; text-indent: 0em; white-space: normal; background-color: rgb(255, 255, 255); line-height: 19.5px;\"><span style=\"line-height: 24px; font-family: 宋体, SimSun; font-size: 16px;\"><span style=\"line-height: 24px;\">&nbsp;&nbsp;&nbsp;&nbsp;在讲座过程中，黎老师还提到了天马</span>——曲村遗址发掘中的故事，讲了文物保护的不易，还提出了大家对考古学的一个误解，即考古不是在干挖人坟墓——缺德的事情，考古发掘分为抢救性发掘和主动发掘两种，抢救性发掘是指对已经被各种原因破坏的墓葬、遗址进行发掘、加以保存和保护，主动性发掘是对一些残存的建筑、城址发掘。在考古工作中，抢救性发掘占绝大部分。这一讲解改变了同学们对考古工作固有的一个误解。</span></p><p style=\"color: rgb(67, 67, 67); font-family: 微软雅黑; font-size: 13px; text-indent: 0em; white-space: normal; background-color: rgb(255, 255, 255); line-height: 19.5px;\"><span style=\"font-size: 16px;\"><span style=\"line-height: 24px; font-family: 宋体;\">&nbsp;&nbsp;&nbsp;&nbsp;最后，黎海超老师希望通过此次讲座能够对同学们的学术道路、创新发展有所助益。本次活动以青铜器为一个切入点，给同学们展现了很多有关考古学的有意思的话题，大大激发了同学们对学习相关知识的兴趣，</span><span style=\"font-family: 宋体;\">提升了同学们人文素质、促进了同学们的全面发展，为我校建设“双一流”添砖加瓦。</span></span></p><p style=\"color: rgb(67, 67, 67); font-family: 微软雅黑; font-size: 13px; text-indent: 0em; white-space: normal; background-color: rgb(255, 255, 255); line-height: 19.5px;\"><span style=\"line-height: 24px; font-family: 宋体; font-size: 16px;\">&nbsp;&nbsp;&nbsp;&nbsp;至此，本次活动在一片掌声中圆满结束。</span></p><p><br/></p>', 'aaa', '2018-04-10 16:46:39', null, '由四川大学历史文化学院（旅游学院）学术科技部承办的第八届“钟鸣鼎食——从晋侯墓地出土青铜器谈起”于2018年3月30日晚7:20在江安校区第一教学楼A座109教室成功举办。    本次活动邀请了黎海超老师进行主讲，吸引了许多对此感兴趣的同学前来参加。    活动伊始，本次活动的主持人章洋同学介绍了本次活动的背景并对主讲人黎海超老师进行了简要的介绍，然后讲座正式开始。 （注：图为章洋同学主持讲座）    黎海超老师首先讲了钟鼎和礼乐的关系，简要介绍了编钟、列鼎制度、晋国史实、晋侯墓地等相关背景知识，方便同学们理解接下来讲述的内容。    接下来，黎海超老师主要通过两个故事向同学们展示了青铜器和历史方面的知识。    在第一个故事“晋侯稣钟”中，黎海超老师提到了钟的特殊之处，即刻在钟上的铭文以及钟的来历，特别提到了铭文的内容与晋侯稣立战功受周王封赏有关。接着展示了部分青铜器，如晋侯对壶和兔尊。 （注：图为黎海超老师进行讲解）    第二个故事介绍了三件青铜器——“晋姜鼎”“戎生编钟”“楚公逆钟”。提到晋姜鼎、戎生编钟与晋国用盐去楚国换铜料有关，并指出这个普通的事件对研究当时的经济、生产的意义；转而提到在晋国墓地发掘出的楚公编钟。接着黎海超老师向同学们简单介绍了考古研究中的部分方法，例如利用铅同位素的方法。然后黎海超老师提到了铜绿山的发掘，展示了井巷支护结构，提及了发掘工作中的“35枚赤足印”的故事。通过第二个故事，黎海超老师向我们展示了科技在考古工作中的应用，展现了考古学科的综合性。 （注：图为黎海超老师讲解，同学们认真听讲）    在讲座过程中，黎老师还提到了天马——曲村遗址发掘中的故事，讲了文物保护的不易，还提出了大家对考古学的一个误解，即考古不是在干挖人坟墓——缺德的事情，考古发掘分为抢救性发掘和主动发掘两种，抢救性发掘是指对已经被各种原因破坏的墓葬、遗址进行发掘、加以保存和保护，主动性发掘是对一些残存的建筑、城址发掘。在考古工作中，抢救性发掘占绝大部分。这一讲解改变了同学们对考古工作固有的一个误解。    最后，黎海超老师希望通过此次讲座能够对同学们的学术道路、创新发展有所助益。本次活动以青铜器为一个切入点，给同学们展现了很多有关考古学的有意思的话题，大大激发了同学们对学习相关知识的兴趣，提升了同学们人文素质、促进了同学们的全面发展，为我校建设“双一流”添砖加瓦。    至此，本次活动在一片掌声中圆满结束。');
INSERT INTO `news` VALUES ('38', '59', '20180403四川大学比较行政研习社第三次社员大会成功举办', '<p style=\"color: rgb(67, 67, 67); font-family: 微软雅黑; font-size: 13px; white-space: normal; background: white;\"><span style=\"font-family: 宋体, SimSun; font-size: 16px;\">一、活动概述&nbsp;&nbsp;</span></p><p style=\"color: rgb(67, 67, 67); font-family: 微软雅黑; font-size: 13px; text-indent: 0em; white-space: normal; background: white;\"><span style=\"font-family: 宋体, SimSun; font-size: 16px;\">&nbsp;&nbsp;&nbsp;&nbsp;2018年4月3日，由四川大学比较行政研习社举办的比较行政研习社第三次社员大会于四川大学江安校区第一基础教学楼A座105室成功举办，取得圆满成功。</span></p><p style=\"color: rgb(67, 67, 67); font-family: 微软雅黑; font-size: 13px; white-space: normal; background: white;\"><span style=\"font-family: 宋体, SimSun; font-size: 16px;\">二、活动内容</span></p><p style=\"color: rgb(67, 67, 67); font-family: 微软雅黑; font-size: 13px; text-indent: 0em; white-space: normal; background-color: rgb(255, 255, 255);\"><span style=\"font-family: 宋体, SimSun; font-size: 16px;\">&nbsp;&nbsp;&nbsp;&nbsp;本次活动共分为4个部分。第一部分为由比较行政研习社副社长何楠锋学姐致开幕词，并对上一阶段学习和活动情况进行总结。第二部分为颜成志同学作为社员代表发言，分享学习两会精神的心得。颜成志同学从两会的热点问题着手，分享了自己的看法和见解。第三部分为全体社员自由研讨，纷纷就如何更深层次地学习两会精神提出自己的建议和想法。第四部分为比较行政研习社副社长刘春宝学长结合全体社员意见，安排部署下一阶段学习活动。</span></p><p style=\"color: rgb(67, 67, 67); font-family: 微软雅黑; font-size: 13px; white-space: normal; background: white;\"><span style=\"font-family: 宋体, SimSun; font-size: 16px;\">三、活动总结</span></p><p style=\"color: rgb(67, 67, 67); font-family: 微软雅黑; font-size: 13px; text-indent: 0em; white-space: normal; line-height: 24px; background: white;\"><span style=\"font-family: 宋体, SimSun; font-size: 16px;\">&nbsp;&nbsp;&nbsp;&nbsp;比较行政研习社第三次社员大会在新学期的开始以及在两会顺利召开的背景下举行是十分有必要和十分有意义的。在大会开始前，同学们积极准备学习两会精神；在大会进行过程中，同学们踊跃参与，体现了一个集体团结奋发向上的精神风貌，也展现了当代大学生的政治学习能力和时代责任感！</span></p><p style=\"color: rgb(67, 67, 67); font-family: 微软雅黑; font-size: 13px; text-indent: 0em; white-space: normal; line-height: 24px; background: white; text-align: center;\"><img src=\"http://localhost:8080/stuman/img/uploadimg/20180410/1523351627910061201.jpg\" title=\"1523351627910061201.jpg\" alt=\"6365837890581972024084681.jpg\"/></p><p style=\"color: rgb(67, 67, 67); font-family: 微软雅黑; font-size: 13px; white-space: normal; background-color: rgb(255, 255, 255); text-align: center;\"><img src=\"/ueditor/jsp/upload/image/20180410/1523350620594083812.jpg\" title=\"\" width=\"579\" height=\"476\"/></p><p style=\"color: rgb(67, 67, 67); font-family: 微软雅黑; font-size: 13px; white-space: normal; background-color: rgb(255, 255, 255); text-align: center;\"><img src=\"/ueditor/jsp/upload/image/20180410/1523350620770076568.jpg\" title=\"\" width=\"578\" height=\"467\"/></p><p style=\"color: rgb(67, 67, 67); font-family: 微软雅黑; font-size: 13px; white-space: normal; text-align: center; text-indent: 43px; line-height: 24px; background: white;\"><span style=\"font-size: 21px; font-family: Simsun, serif;\"></span><br/></p><p><br/></p>', '1111', '2018-04-10 17:13:59', null, '一、活动概述      2018年4月3日，由四川大学比较行政研习社举办的比较行政研习社第三次社员大会于四川大学江安校区第一基础教学楼A座105室成功举办，取得圆满成功。二、活动内容    本次活动共分为4个部分。第一部分为由比较行政研习社副社长何楠锋学姐致开幕词，并对上一阶段学习和活动情况进行总结。第二部分为颜成志同学作为社员代表发言，分享学习两会精神的心得。颜成志同学从两会的热点问题着手，分享了自己的看法和见解。第三部分为全体社员自由研讨，纷纷就如何更深层次地学习两会精神提出自己的建议和想法。第四部分为比较行政研习社副社长刘春宝学长结合全体社员意见，安排部署下一阶段学习活动。三、活动总结    比较行政研习社第三次社员大会在新学期的开始以及在两会顺利召开的背景下举行是十分有必要和十分有意义的。在大会开始前，同学们积极准备学习两会精神；在大会进行过程中，同学们踊跃参与，体现了一个集体团结奋发向上的精神风貌，也展现了当代大学生的政治学习能力和时代责任感！');
INSERT INTO `news` VALUES ('39', '58', '西协外语专业学生申报各类比赛专业指导交流会成功举办', '<p style=\"color: rgb(67, 67, 67); font-family: 微软雅黑; font-size: 13px; text-indent: 0em; white-space: normal; background-color: rgb(255, 255, 255);\"><span style=\"font-family: 宋体, SimSun; font-size: 16px;\"><span style=\"color: rgb(51, 51, 51); background-image: initial; background-position: initial; background-size: initial; background-repeat: initial; background-attachment: initial; background-origin: initial; background-clip: initial;\">“互联网+”就是指</span><span style=\"color: rgb(26, 26, 26); background-image: initial; background-position: initial; background-size: initial; background-repeat: initial; background-attachment: initial; background-origin: initial; background-clip: initial;\">利用信息通信技术以及互联网平台，让互联网与传统行业进行深度融合，创造新的发展生态。以此概念为基础的中</span><span style=\"color: rgb(43, 43, 43); background-image: initial; background-position: initial; background-size: initial; background-repeat: initial; background-attachment: initial; background-origin: initial; background-clip: initial;\">国“互联网+”大学生创新创业大赛报名工作已成功举办了三届，日前，第四届大赛已正式启动。作为由教育部牵头的全国高校顶级赛事，其参与高校覆盖了全国多所重点大学。</span></span></p><p style=\"color: rgb(67, 67, 67); font-family: 微软雅黑; font-size: 13px; white-space: normal; background-color: rgb(255, 255, 255); text-align: center;\"><span style=\"color: rgb(43, 43, 43); font-size: 19px; background-image: initial; background-position: initial; background-size: initial; background-repeat: initial; background-attachment: initial; background-origin: initial; background-clip: initial; font-family: 宋体;\"><img src=\"http://localhost:8080/stuman/img/uploadimg/20180410/1523351729707044951.png\" title=\"1523351729707044951.png\" alt=\"6365860933455764696261294.png\"/></span></p><p style=\"color: rgb(67, 67, 67); font-family: 微软雅黑; font-size: 13px; white-space: normal; background-color: rgb(255, 255, 255); text-indent: 37px; text-align: center;\"><span style=\"color: rgb(43, 43, 43); background-image: initial; background-position: initial; background-size: initial; background-repeat: initial; background-attachment: initial; background-origin: initial; background-clip: initial; font-family: 宋体, SimSun; font-size: 16px;\">史维老师对大赛意义做介绍</span></p><p style=\"color: rgb(67, 67, 67); font-family: 微软雅黑; font-size: 13px; text-indent: 0em; white-space: normal; background-color: rgb(255, 255, 255);\"><span style=\"font-family: 宋体; color: rgb(43, 43, 43); background-image: initial; background-position: initial; background-size: initial; background-repeat: initial; background-attachment: initial; background-origin: initial; background-clip: initial; font-size: 16px;\">&nbsp;&nbsp;&nbsp;&nbsp;“互联网+”大赛在深化高等教育综合改革，激发大学生的创造力，培养造就“大众创业、万众创新”的生力军上发挥了极大的作用。</span></p><p style=\"color: rgb(67, 67, 67); font-family: 微软雅黑; font-size: 13px; text-indent: 0em; white-space: normal; background-color: rgb(255, 255, 255);\"><span style=\"font-family: 宋体; color: rgb(43, 43, 43); background-image: initial; background-position: initial; background-size: initial; background-repeat: initial; background-attachment: initial; background-origin: initial; background-clip: initial; font-size: 16px;\">&nbsp;&nbsp;&nbsp;&nbsp;在这样的契机之下，为了使同学们思考如何将“互联网＋”的创新思维与专业优势相结合，提高高校学生的创新精神、创业意识和创新创业能力。2018年3月28日西班牙语研究协会邀请到四川大学西班牙语系的系主任史维老师来为同学们进行有关大赛内容的讲座。</span><span style=\"color: rgb(43, 43, 43); font-family: 宋体; font-size: 19px; text-indent: 28px;\">&nbsp;</span></p><p style=\"color: rgb(67, 67, 67); font-family: 微软雅黑; font-size: 13px; white-space: normal; background-color: rgb(255, 255, 255); text-align: center;\"><img src=\"http://localhost:8080/stuman/img/uploadimg/20180410/1523351735966042115.png\" title=\"1523351735966042115.png\" alt=\"6365860934873807186342697.png\"/></p><p style=\"color: rgb(67, 67, 67); font-family: 微软雅黑; font-size: 13px; white-space: normal; background-color: rgb(255, 255, 255); text-indent: 28px; text-align: center;\"><span style=\"color: rgb(43, 43, 43); background-image: initial; background-position: initial; background-size: initial; background-repeat: initial; background-attachment: initial; background-origin: initial; background-clip: initial; text-indent: 37px; font-family: 宋体, SimSun; font-size: 16px;\">史维老师对大赛内容进行介绍</span></p><p style=\"color: rgb(67, 67, 67); font-family: 微软雅黑; font-size: 13px; text-indent: 0em; white-space: normal; background-color: rgb(255, 255, 255);\"><span style=\"color: rgb(43, 43, 43); background-image: initial; background-position: initial; background-size: initial; background-repeat: initial; background-attachment: initial; background-origin: initial; background-clip: initial; font-family: 宋体, SimSun; font-size: 16px;\">&nbsp;&nbsp;&nbsp;&nbsp;史维老师从她自己关于大学生<span style=\"background-image: initial; background-position: initial; background-size: initial; background-repeat: initial; background-attachment: initial; background-origin: initial; background-clip: initial; font-family: 宋体;\"></span>“互联网+”创新创业大赛的思考谈起，为同学们介绍了参赛项目要求、参赛对象、比赛赛制及赛程安排等各方面的内容，最后还结合其个人经验，鼓励同学们结合不同专业的优势，开动脑筋，积极创新。</span></p><p style=\"color: rgb(67, 67, 67); font-family: 微软雅黑; font-size: 13px; white-space: normal; background-color: rgb(255, 255, 255); text-indent: 28px; text-align: center;\"><span style=\"font-family: 宋体; color: rgb(43, 43, 43); font-size: 19px; background-image: initial; background-position: initial; background-size: initial; background-repeat: initial; background-attachment: initial; background-origin: initial; background-clip: initial;\">&nbsp;<img src=\"http://localhost:8080/stuman/img/uploadimg/20180410/1523351743210045608.png\" title=\"1523351743210045608.png\" alt=\"6365860936201369518876457.png\"/></span></p><p style=\"color: rgb(67, 67, 67); font-family: 微软雅黑; font-size: 13px; text-indent: 0em; white-space: normal; background-color: rgb(255, 255, 255); text-align: center;\"><span style=\"text-indent: 37px; color: rgb(43, 43, 43); background-image: initial; background-position: initial; background-size: initial; background-repeat: initial; background-attachment: initial; background-origin: initial; background-clip: initial; font-family: 宋体, SimSun; font-size: 16px;\">同学们与史维老师进行交流</span></p><p style=\"color: rgb(67, 67, 67); font-family: 微软雅黑; font-size: 13px; text-indent: 0em; white-space: normal; background-color: rgb(255, 255, 255);\"><span style=\"color: rgb(43, 43, 43); background-image: initial; background-position: initial; background-size: initial; background-repeat: initial; background-attachment: initial; background-origin: initial; background-clip: initial; font-family: 宋体, SimSun; font-size: 16px;\">&nbsp;&nbsp;&nbsp;&nbsp;最后，同学们就自己已经在做的大创项目是否可以与<span style=\"background-image: initial; background-position: initial; background-size: initial; background-repeat: initial; background-attachment: initial; background-origin: initial; background-clip: initial; font-family: 宋体;\"></span>“互联网+”创新创业大赛项目进行有效的结合与史维老师进行了简短的探讨，史维老师对于同学们的问题都给出了自己的建议，给予了我们启迪和思考的方向。</span></p><p style=\"color: rgb(67, 67, 67); font-family: 微软雅黑; font-size: 13px; white-space: normal; background-color: rgb(255, 255, 255); text-align: center;\"><span style=\"font-family: 宋体; color: rgb(43, 43, 43); font-size: 19px; background-image: initial; background-position: initial; background-size: initial; background-repeat: initial; background-attachment: initial; background-origin: initial; background-clip: initial;\">&nbsp;<img src=\"http://localhost:8080/stuman/img/uploadimg/20180410/1523351753345008729.png\" title=\"1523351753345008729.png\" alt=\"6365860938831534131400932.png\"/></span></p><p style=\"color: rgb(67, 67, 67); font-family: 微软雅黑; font-size: 13px; white-space: normal; background-color: rgb(255, 255, 255); text-indent: 37px; text-align: center;\"><span style=\"color: rgb(43, 43, 43); background-image: initial; background-position: initial; background-size: initial; background-repeat: initial; background-attachment: initial; background-origin: initial; background-clip: initial; font-family: 宋体; font-size: 16px;\">史维老师鼓励大家积极参赛</span></p><p><br/></p>', '112', '2018-04-10 17:16:16', null, '“互联网+”就是指利用信息通信技术以及互联网平台，让互联网与传统行业进行深度融合，创造新的发展生态。以此概念为基础的中国“互联网+”大学生创新创业大赛报名工作已成功举办了三届，日前，第四届大赛已正式启动。作为由教育部牵头的全国高校顶级赛事，其参与高校覆盖了全国多所重点大学。史维老师对大赛意义做介绍    “互联网+”大赛在深化高等教育综合改革，激发大学生的创造力，培养造就“大众创业、万众创新”的生力军上发挥了极大的作用。    在这样的契机之下，为了使同学们思考如何将“互联网＋”的创新思维与专业优势相结合，提高高校学生的创新精神、创业意识和创新创业能力。2018年3月28日西班牙语研究协会邀请到四川大学西班牙语系的系主任史维老师来为同学们进行有关大赛内容的讲座。 史维老师对大赛内容进行介绍    史维老师从她自己关于大学生“互联网+”创新创业大赛的思考谈起，为同学们介绍了参赛项目要求、参赛对象、比赛赛制及赛程安排等各方面的内容，最后还结合其个人经验，鼓励同学们结合不同专业的优势，开动脑筋，积极创新。 同学们与史维老师进行交流    最后，同学们就自己已经在做的大创项目是否可以与“互联网+”创新创业大赛项目进行有效的结合与史维老师进行了简短的探讨，史维老师对于同学们的问题都给出了自己的建议，给予了我们启迪和思考的方向。 史维老师鼓励大家积极参赛');
INSERT INTO `news` VALUES ('40', '61', '华西口腔医学院创新训练活动之超轻黏土创意制作交流会', '<p style=\"color: rgb(67, 67, 67); font-family: 微软雅黑; font-size: 13px; white-space: normal; background-color: rgb(255, 255, 255); text-indent: 32px;\"><span style=\"font-family: 宋体, SimSun; font-size: 16px;\">2018年3月29日19：30，由华西口腔医学院创业就业促进部、四川大学日常急救应用与研究协会、创意新媒体社团、口腔种植修复基础科研兴趣社团主办的超轻黏土创意制作交流会在五舍活动室顺利举行，华西口腔17级的同学们参加了本次活动。</span></p><p style=\"color: rgb(67, 67, 67); font-family: 微软雅黑; font-size: 13px; white-space: normal; background-color: rgb(255, 255, 255); text-indent: 32px;\"><span style=\"font-family: 宋体, SimSun; font-size: 16px;\">超轻黏土是一种兴起于日本的新型环保、无毒、自然风干的手工造型材料，捏塑起来更容易更舒适，适合造型，深受青少年的喜爱。今天，超轻黏土便来到了五舍活动室，与同学们来了一场有趣的邂逅。活动一开始，同学们看着桌上五颜六色的黏土，十分兴奋，仔细聆听了操作方法和技巧后，便迫不及待得开始创作。</span></p><p style=\"color: rgb(67, 67, 67); font-family: 微软雅黑; font-size: 13px; white-space: normal; background-color: rgb(255, 255, 255); text-indent: 32px;\"><span style=\"font-family: 宋体, SimSun; font-size: 16px;\">同学们刚结束一下午的解剖课，身心都有些疲惫，而参与超轻黏土的制作刚好可以起到很好的放松作用，同时也能培养大家的创新和动手能力。在制作过程中，同学们发挥了丰富的想象力，与同伴交流合作，获取更好的点子。看着自己的作品渐渐成型，同学们都露出了会心的微笑。</span></p><p style=\"color: rgb(67, 67, 67); font-family: 微软雅黑; font-size: 13px; white-space: normal; background-color: rgb(255, 255, 255); text-indent: 32px;\"><span style=\"font-family: 宋体, SimSun; font-size: 16px;\">40<span style=\"font-family: 宋体;\">分钟的操作环节结束，同学们都完成了自己的作品，开心地互相交换欣赏，并与它们合影留念。本次超轻黏土创意制作交流会既锻炼了同学们的动手能力，又让大家在繁忙的课业中得到休息，可谓一举两得。</span></span></p><p style=\"color: rgb(67, 67, 67); font-family: 微软雅黑; font-size: 13px; white-space: normal; background-color: rgb(255, 255, 255); margin-left: 7px; line-height: 19.5px;\"><span style=\"font-size: 19px; line-height: 28.5px; font-family: 宋体;\"></span></p><p style=\"color: rgb(67, 67, 67); font-family: 微软雅黑; font-size: 13px; white-space: normal; background-color: rgb(255, 255, 255); text-align: center;\"><br/></p><p style=\"color: rgb(67, 67, 67); font-family: 微软雅黑; font-size: 13px; white-space: normal; background-color: rgb(255, 255, 255); text-align: center;\"><img src=\"http://localhost:8080/stuman/img/uploadimg/20180410/1523351866134029968.jpg\" title=\"1523351866134029968.jpg\" alt=\"6365829260543854163433717.jpg\"/></p><p style=\"color: rgb(67, 67, 67); font-family: 微软雅黑; font-size: 13px; white-space: normal; background-color: rgb(255, 255, 255); text-align: center;\"><br/></p><p style=\"color: rgb(67, 67, 67); font-family: 微软雅黑; font-size: 13px; white-space: normal; background-color: rgb(255, 255, 255); text-align: center;\"><img src=\"http://localhost:8080/stuman/img/uploadimg/20180410/1523351882973062697.jpg\" title=\"1523351882973062697.jpg\" alt=\"6365829260567254201206005.jpg\"/></p><p><br/></p>', '111', '2018-04-10 17:18:17', null, '2018年3月29日19：30，由华西口腔医学院创业就业促进部、四川大学日常急救应用与研究协会、创意新媒体社团、口腔种植修复基础科研兴趣社团主办的超轻黏土创意制作交流会在五舍活动室顺利举行，华西口腔17级的同学们参加了本次活动。超轻黏土是一种兴起于日本的新型环保、无毒、自然风干的手工造型材料，捏塑起来更容易更舒适，适合造型，深受青少年的喜爱。今天，超轻黏土便来到了五舍活动室，与同学们来了一场有趣的邂逅。活动一开始，同学们看着桌上五颜六色的黏土，十分兴奋，仔细聆听了操作方法和技巧后，便迫不及待得开始创作。同学们刚结束一下午的解剖课，身心都有些疲惫，而参与超轻黏土的制作刚好可以起到很好的放松作用，同时也能培养大家的创新和动手能力。在制作过程中，同学们发挥了丰富的想象力，与同伴交流合作，获取更好的点子。看着自己的作品渐渐成型，同学们都露出了会心的微笑。40分钟的操作环节结束，同学们都完成了自己的作品，开心地互相交换欣赏，并与它们合影留念。本次超轻黏土创意制作交流会既锻炼了同学们的动手能力，又让大家在繁忙的课业中得到休息，可谓一举两得。');
INSERT INTO `news` VALUES ('41', '58', '歌词研究大会顺利举办', '<p style=\"color: rgb(67, 67, 67); white-space: normal; -webkit-text-stroke: rgb(0, 0, 0); background-color: rgb(255, 255, 255); margin-top: 0px; margin-bottom: 0px; font-stretch: normal; font-size: 12px; line-height: normal; font-family: &quot;Times New Roman&quot;;\"><span style=\"text-indent: 24px; -webkit-text-stroke-width: initial; font-family: 宋体, SimSun; font-size: 16px;\">2018年3月24日，由灵泉当代文学读书会、歌词文化研究会及文新其它社团合办的读书交流会活动于综合楼B座604教室成功举办。</span></p><p style=\"color: rgb(67, 67, 67); white-space: normal; -webkit-text-stroke: rgb(0, 0, 0); background-color: rgb(255, 255, 255); margin-top: 0px; margin-bottom: 0px; font-stretch: normal; font-size: 12px; line-height: normal; font-family: &quot;Times New Roman&quot;;\"><span style=\"font-family: 宋体, SimSun; font-size: 16px; text-indent: 24px; -webkit-text-stroke-width: initial;\">&nbsp;&nbsp;&nbsp;&nbsp;上午10：00，大会正式开始。活动一开始，主持人、歌词文化研究会成员赵雪晨同学向同学们简要地介绍了歌词学的历史和前沿的学术概况，并开门见山地介绍了本活动将会运用到的歌词鉴赏的方法。在主持人的详细解答中，同学们收获了学术方面的知识，也为接下来的活动开展做足了准备。</span></p><p style=\"color: rgb(67, 67, 67); white-space: normal; -webkit-text-stroke: rgb(0, 0, 0); background-color: rgb(255, 255, 255); margin-top: 0px; margin-bottom: 0px; font-stretch: normal; font-size: 12px; line-height: normal; font-family: &quot;Times New Roman&quot;;\"><span style=\"text-indent: 24px; -webkit-text-stroke-width: initial; font-family: 宋体, SimSun; font-size: 16px;\">&nbsp;&nbsp;&nbsp;</span><span style=\"font-family: 宋体, SimSun; font-size: 16px;\"><span style=\"text-indent: 24px; -webkit-text-stroke-width: initial;\">&nbsp;接下来进入的是歌词分享环节，在赵雪晨同学的带领下，同学们欣赏了她分享的两首歌的歌词——《止战之殇》及《烟花易冷》。《烟花易冷》作为同学们耳熟能详的音乐作品，由方文山作词、周杰伦作曲并演唱。赵雪晨同学分享了词作者方文山先生的个人简历，并赏析了本歌曲中“枯等一圈/又一圈/的年轮”一句，得到了同学们的一致赞赏</span><span style=\"text-indent: 24px; -webkit-text-stroke-width: initial;\">。</span></span></p><p style=\"color: rgb(67, 67, 67); white-space: normal; -webkit-text-stroke: rgb(0, 0, 0); background-color: rgb(255, 255, 255); margin-top: 0px; margin-bottom: 0px; font-stretch: normal; font-size: 12px; line-height: normal; font-family: &quot;Times New Roman&quot;;\"><span style=\"text-indent: 24px; -webkit-text-stroke-width: initial; font-family: 宋体, SimSun; font-size: 16px;\">&nbsp;&nbsp;&nbsp;&nbsp;紧接着，同学们进入游戏环节。主持人将三首优秀流行作品的歌词打出，由同学们来猜其歌名。本次游戏共展示了《车站》等歌曲，同学们参与度较高，也积极抢答</span></p><p style=\"color: rgb(67, 67, 67); white-space: normal; -webkit-text-stroke: rgb(0, 0, 0); background-color: rgb(255, 255, 255); margin-top: 0px; margin-bottom: 0px; font-stretch: normal; font-size: 12px; line-height: normal; font-family: &quot;Times New Roman&quot;;\"><span style=\"font-family: 宋体, SimSun; font-size: 16px; text-indent: 24px; -webkit-text-stroke-width: initial;\">&nbsp;&nbsp;&nbsp;&nbsp;伴随美妙的音乐和同学们兴致勃勃的分享，本次歌词研究会圆满落幕。本次活动，激发了同学们对歌词学兴趣，同时养成了同学们在平时听歌时思考的习惯。艺术就在我们身边，只要我们有一双发现美、思考美的眼睛。</span></p><p style=\"color: rgb(67, 67, 67); font-family: 微软雅黑; font-size: 13px; white-space: normal; background-color: rgb(255, 255, 255); text-align: center;\"><span style=\"font-kerning: none;\"><img src=\"http://localhost:8080/stuman/img/uploadimg/20180410/1523351946305031029.png\" title=\"1523351946305031029.png\" alt=\"6365860933455764696261294.png\"/></span></p><p style=\"color: rgb(67, 67, 67); white-space: normal; -webkit-text-stroke: rgb(0, 0, 0); background-color: rgb(255, 255, 255); margin-top: 0px; margin-bottom: 0px; text-align: center; text-indent: 24px; font-stretch: normal; font-size: 12px; line-height: normal; font-family: &quot;Times New Roman&quot;;\"><span style=\"font-kerning: none; font-family: 宋体, SimSun; font-size: 16px;\">主持人介绍歌词学</span></p><p style=\"color: rgb(67, 67, 67); white-space: normal; -webkit-text-stroke: rgb(0, 0, 0); background-color: rgb(255, 255, 255); margin-top: 0px; margin-bottom: 0px; text-indent: 24px; font-stretch: normal; font-size: 12px; line-height: normal; font-family: &quot;Times New Roman&quot;; text-align: center;\"><img src=\"http://localhost:8080/stuman/img/uploadimg/20180410/1523351956568088201.png\" title=\"1523351956568088201.png\" alt=\"6365860936201369518876457.png\"/></p><p style=\"color: rgb(67, 67, 67); white-space: normal; -webkit-text-stroke: rgb(0, 0, 0); background-color: rgb(255, 255, 255); margin-top: 0px; margin-bottom: 0px; text-align: center; text-indent: 24px; font-stretch: normal; font-size: 12px; line-height: normal; font-family: &quot;Times New Roman&quot;;\"><span style=\"font-kerning: none; font-family: 宋体, SimSun; font-size: 16px;\">灵泉社团旗及活动现场</span></p><p><br/></p>', 'aaa', '2018-04-10 17:19:27', null, '2018年3月24日，由灵泉当代文学读书会、歌词文化研究会及文新其它社团合办的读书交流会活动于综合楼B座604教室成功举办。    上午10：00，大会正式开始。活动一开始，主持人、歌词文化研究会成员赵雪晨同学向同学们简要地介绍了歌词学的历史和前沿的学术概况，并开门见山地介绍了本活动将会运用到的歌词鉴赏的方法。在主持人的详细解答中，同学们收获了学术方面的知识，也为接下来的活动开展做足了准备。    接下来进入的是歌词分享环节，在赵雪晨同学的带领下，同学们欣赏了她分享的两首歌的歌词——《止战之殇》及《烟花易冷》。《烟花易冷》作为同学们耳熟能详的音乐作品，由方文山作词、周杰伦作曲并演唱。赵雪晨同学分享了词作者方文山先生的个人简历，并赏析了本歌曲中“枯等一圈/又一圈/的年轮”一句，得到了同学们的一致赞赏。    紧接着，同学们进入游戏环节。主持人将三首优秀流行作品的歌词打出，由同学们来猜其歌名。本次游戏共展示了《车站》等歌曲，同学们参与度较高，也积极抢答    伴随美妙的音乐和同学们兴致勃勃的分享，本次歌词研究会圆满落幕。本次活动，激发了同学们对歌词学兴趣，同时养成了同学们在平时听歌时思考的习惯。艺术就在我们身边，只要我们有一双发现美、思考美的眼睛。主持人介绍歌词学灵泉社团旗及活动现场');
INSERT INTO `news` VALUES ('42', '57', '读书交流会圆满举办', '<p style=\"color: rgb(67, 67, 67); white-space: normal; -webkit-text-stroke: rgb(0, 0, 0); background-color: rgb(255, 255, 255); margin-top: 0px; margin-bottom: 0px; font-stretch: normal; font-size: 12px; line-height: normal; font-family: &quot;Times New Roman&quot;;\"><span style=\"text-indent: 24px; -webkit-text-stroke-width: initial; font-family: 宋体, SimSun; font-size: 16px;\">2018年3月17日，灵泉当代文学读书会与文新各社团合办的读书交流会活动圆满举办。本次活动以书为线索，与会同学分享了各自的读书心得，并且收获了真挚的友谊。</span></p><p style=\"color: rgb(67, 67, 67); white-space: normal; -webkit-text-stroke: rgb(0, 0, 0); background-color: rgb(255, 255, 255); margin-top: 0px; margin-bottom: 0px; font-stretch: normal; font-size: 12px; line-height: normal; font-family: &quot;Times New Roman&quot;;\"><span style=\"font-family: 宋体, SimSun; font-size: 16px; text-indent: 24px; -webkit-text-stroke-width: initial;\">&nbsp;&nbsp;&nbsp;&nbsp;上午九时，交流会正式开始。首先主持人用风趣幽默的话语，简要介绍了本次活动的流程及意义，并向同学们推荐自己喜爱的书籍诸如《三体》等。主持人以看图猜书名的方式，与到场的同学进行互动。同学们热情参与，兴致颇高。</span></p><p style=\"color: rgb(67, 67, 67); white-space: normal; -webkit-text-stroke: rgb(0, 0, 0); background-color: rgb(255, 255, 255); margin-top: 0px; margin-bottom: 0px; font-stretch: normal; font-size: 12px; line-height: normal; font-family: &quot;Times New Roman&quot;;\"><span style=\"font-family: 宋体, SimSun; font-size: 16px; text-indent: 24px; -webkit-text-stroke-width: initial;\">&nbsp;&nbsp;&nbsp;&nbsp;紧接着，同学们在便利贴上写上了自己最喜欢的书籍并附上推荐理由，主持人负责打乱纸条并再次分发。同学们对于书籍的看法通过纸条的方式进行了交换，部分同学也踊跃地发言分享自己的读书心得。大家纷纷表示收到的纸条让自己对这本书产生了浓厚的兴趣，并将这些书目列入了自己的阅读计划中。</span></p><p style=\"color: rgb(67, 67, 67); white-space: normal; -webkit-text-stroke: rgb(0, 0, 0); background-color: rgb(255, 255, 255); margin-top: 0px; margin-bottom: 0px; font-stretch: normal; font-size: 12px; line-height: normal; font-family: &quot;Times New Roman&quot;;\"><span style=\"font-family: 宋体, SimSun; font-size: 16px; text-indent: 24px; -webkit-text-stroke-width: initial;\">&nbsp;&nbsp;&nbsp;&nbsp;在书香与笑语中，本次读书交流会圆满落幕。本次活动增进了各个社团之间的联系，激发了同学们的阅读兴趣，并有助于同学们养成读书、思考的好习惯。与书相伴，将是我们一生财富。</span></p><p style=\"color: rgb(67, 67, 67); white-space: normal; -webkit-text-stroke: rgb(0, 0, 0); background-color: rgb(255, 255, 255); margin-top: 0px; margin-bottom: 0px; text-indent: 24px; font-stretch: normal; font-size: 12px; line-height: normal; font-family: &quot;Times New Roman&quot;; min-height: 15px; text-align: center;\"><span style=\"font-kerning: none;\"></span><img src=\"http://localhost:8080/stuman/img/uploadimg/20180410/1523351992892080270.png\" title=\"1523351992892080270.png\" alt=\"6365860934873807186342697.png\"/></p><p style=\"color: rgb(67, 67, 67); white-space: normal; -webkit-text-stroke: rgb(0, 0, 0); background-color: rgb(255, 255, 255); margin-top: 0px; margin-bottom: 0px; text-align: center; text-indent: 24px; font-stretch: normal; font-size: 12px; line-height: normal; font-family: &quot;Times New Roman&quot;;\"><span style=\"font-kerning: none; font-family: 宋体, SimSun; font-size: 16px;\">主持人开场</span></p><p style=\"color: rgb(67, 67, 67); white-space: normal; -webkit-text-stroke: rgb(0, 0, 0); background-color: rgb(255, 255, 255); margin-top: 0px; margin-bottom: 0px; text-indent: 24px; font-stretch: normal; font-size: 12px; line-height: normal; font-family: &quot;Times New Roman&quot;; text-align: center;\"><span style=\"font-kerning: none;\"><img src=\"http://localhost:8080/stuman/img/uploadimg/20180410/1523352001194080374.png\" title=\"1523352001194080374.png\" alt=\"6365860936201369518876457.png\"/></span></p><p style=\"color: rgb(67, 67, 67); white-space: normal; -webkit-text-stroke: rgb(0, 0, 0); background-color: rgb(255, 255, 255); margin-top: 0px; margin-bottom: 0px; text-align: center; text-indent: 24px; font-stretch: normal; font-size: 12px; line-height: normal; font-family: &quot;Times New Roman&quot;;\"><span style=\"font-kerning: none; font-family: 宋体, SimSun; font-size: 16px;\">同学们认真聆听分享者发言</span></p><p style=\"color: rgb(67, 67, 67); white-space: normal; -webkit-text-stroke: rgb(0, 0, 0); background-color: rgb(255, 255, 255); margin-top: 0px; margin-bottom: 0px; text-indent: 24px; font-stretch: normal; font-size: 12px; line-height: normal; font-family: &quot;Times New Roman&quot;; text-align: center;\"><span style=\"font-kerning: none;\"><img src=\"http://localhost:8080/stuman/img/uploadimg/20180410/1523352006109007748.png\" title=\"1523352006109007748.png\" alt=\"6365860938831534131400932.png\"/></span></p><p><br/></p>', 'aaa', '2018-04-10 17:20:17', null, '2018年3月17日，灵泉当代文学读书会与文新各社团合办的读书交流会活动圆满举办。本次活动以书为线索，与会同学分享了各自的读书心得，并且收获了真挚的友谊。    上午九时，交流会正式开始。首先主持人用风趣幽默的话语，简要介绍了本次活动的流程及意义，并向同学们推荐自己喜爱的书籍诸如《三体》等。主持人以看图猜书名的方式，与到场的同学进行互动。同学们热情参与，兴致颇高。    紧接着，同学们在便利贴上写上了自己最喜欢的书籍并附上推荐理由，主持人负责打乱纸条并再次分发。同学们对于书籍的看法通过纸条的方式进行了交换，部分同学也踊跃地发言分享自己的读书心得。大家纷纷表示收到的纸条让自己对这本书产生了浓厚的兴趣，并将这些书目列入了自己的阅读计划中。    在书香与笑语中，本次读书交流会圆满落幕。本次活动增进了各个社团之间的联系，激发了同学们的阅读兴趣，并有助于同学们养成读书、思考的好习惯。与书相伴，将是我们一生财富。主持人开场同学们认真聆听分享者发言');
INSERT INTO `news` VALUES ('43', '56', '关于提交五四红旗分团委学生社团工作部分评比材料的通知', '<p style=\"color: rgb(67, 67, 67); font-family: 微软雅黑; font-size: 13px; white-space: normal; background-color: rgb(255, 255, 255);\"><span style=\"font-family: 宋体; font-size: 16px;\">各学院团委：</span></p><p style=\"color: rgb(67, 67, 67); font-family: 微软雅黑; font-size: 13px; white-space: normal; background-color: rgb(255, 255, 255); line-height: 18px;\"><span style=\"font-family: 宋体; font-size: 16px;\">&nbsp;&nbsp;&nbsp;&nbsp;为配合校团委2017-2018学年五四红旗分团委的评比工作，现向各学院团委收集从2017年5月至2018年4月期间学生社团工作部分的相关材料。请各学院以学院为单位，收集所属的学生社团（校级社团、院级社团、学术型社团）的评比材料，参照五四评比学生社团部分细则（附件一）、具体材料明细（附件二）、和材料模板（附件三及附件四）提交相关材料。</span></p><p style=\"color: rgb(67, 67, 67); font-family: 微软雅黑; font-size: 13px; white-space: normal; background-color: rgb(255, 255, 255); line-height: 18px;\"><span style=\"font-size: 16px;\"><span style=\"font-family: 宋体;\">&nbsp;&nbsp;&nbsp;&nbsp;请各学院</span><span style=\"font-family: 宋体; color: rgb(13, 13, 13);\">团委将评比</span><span style=\"font-family: 宋体;\">材料纸质版文档提交至江安行政楼</span><span style=\"font-family: 宋体; color: rgb(13, 13, 13);\">407</span><span style=\"font-family: 宋体; color: rgb(13, 13, 13);\">办公室值班同学处，提交时间为4月8日—4月9日8:30——1</span><span style=\"font-family: 宋体;\">1:30，14:30——17：30，同时请于4月9日晚12点前将非学术型社团和学术型社团的电子版材料分别压缩后发至公邮scusauxs@163.com。</span></span></p><p style=\"color: rgb(67, 67, 67); font-family: 微软雅黑; font-size: 13px; white-space: normal; background-color: rgb(255, 255, 255); line-height: 18px;\"><span style=\"font-family: 宋体; font-size: 16px;\">&nbsp;</span></p><p style=\"color: rgb(67, 67, 67); font-family: 微软雅黑; font-size: 13px; white-space: normal; background-color: rgb(255, 255, 255); line-height: 18px;\"><span style=\"font-family: 宋体; font-size: 16px;\">联系人：校团委</span></p><p style=\"color: rgb(67, 67, 67); font-family: 微软雅黑; font-size: 13px; white-space: normal; background-color: rgb(255, 255, 255); line-height: 18px;\"><span style=\"font-family: 宋体; font-size: 16px;\">&nbsp; &nbsp; &nbsp; &nbsp; &nbsp; &nbsp; &nbsp; &nbsp; &nbsp; &nbsp; &nbsp; &nbsp; 林茂老师 &nbsp;&nbsp;&nbsp;&nbsp;&nbsp;&nbsp;&nbsp;&nbsp;&nbsp;&nbsp;&nbsp;&nbsp;&nbsp;&nbsp;028-85998669&nbsp;&nbsp;</span></p><p style=\"color: rgb(67, 67, 67); font-family: 微软雅黑; font-size: 13px; white-space: normal; background-color: rgb(255, 255, 255); line-height: 18px;\"><span style=\"font-family: 宋体; font-size: 16px;\">&nbsp; &nbsp; &nbsp; &nbsp; &nbsp; &nbsp; &nbsp; &nbsp; &nbsp; &nbsp; &nbsp; 寿刘星老师 &nbsp; &nbsp; &nbsp; &nbsp; &nbsp; &nbsp; &nbsp;&nbsp;028-85401222&nbsp; &nbsp;</span></p><p style=\"color: rgb(67, 67, 67); font-family: 微软雅黑; font-size: 13px; white-space: normal; background-color: rgb(255, 255, 255); line-height: 18px;\"><span style=\"font-family: 宋体; font-size: 16px;\">&nbsp; &nbsp; &nbsp; &nbsp; &nbsp; &nbsp; &nbsp; &nbsp;&nbsp;校学生社团联合会</span></p><p style=\"color: rgb(67, 67, 67); font-family: 微软雅黑; font-size: 13px; white-space: normal; background-color: rgb(255, 255, 255); line-height: 18px;\"><span style=\"font-family: 宋体; font-size: 16px;\">&nbsp; &nbsp; &nbsp; &nbsp; &nbsp; &nbsp; &nbsp; &nbsp; &nbsp; &nbsp; &nbsp; &nbsp; 袁麟同学 &nbsp; &nbsp; &nbsp; &nbsp; &nbsp; &nbsp;&nbsp;13547909074</span></p><p style=\"color: rgb(67, 67, 67); font-family: 微软雅黑; font-size: 13px; white-space: normal; background-color: rgb(255, 255, 255);\"><span style=\"font-family: 宋体; font-size: 16px;\">&nbsp;&nbsp;&nbsp;&nbsp;&nbsp;&nbsp;&nbsp;&nbsp;&nbsp;&nbsp;&nbsp;&nbsp;&nbsp;&nbsp;&nbsp;&nbsp;&nbsp;&nbsp;&nbsp;&nbsp;&nbsp;&nbsp;&nbsp; 李文同学 &nbsp; &nbsp; &nbsp; &nbsp; &nbsp; &nbsp; 17721870480</span></p><p style=\"color: rgb(67, 67, 67); font-family: 微软雅黑; font-size: 13px; white-space: normal; background-color: rgb(255, 255, 255);\"><span style=\"font-size: 16px;\"><span style=\"text-indent: 192px; font-family: 宋体;\">&nbsp; &nbsp; &nbsp; &nbsp; &nbsp; &nbsp; &nbsp; &nbsp; &nbsp; &nbsp; &nbsp; &nbsp;&nbsp;陈佳星同学 &nbsp; &nbsp; &nbsp; &nbsp; &nbsp;&nbsp;13688457705</span><span style=\"text-indent: 192px;\"></span></span></p><p style=\"color: rgb(67, 67, 67); font-family: 微软雅黑; font-size: 13px; white-space: normal; background-color: rgb(255, 255, 255);\"><span style=\"font-family: 宋体; font-size: 16px;\">&nbsp;&nbsp;&nbsp;&nbsp;&nbsp;&nbsp;&nbsp;&nbsp;&nbsp;&nbsp;&nbsp;&nbsp;&nbsp;&nbsp;&nbsp;&nbsp;&nbsp;&nbsp;&nbsp;&nbsp;&nbsp;&nbsp;&nbsp; 王文昊同学 &nbsp; &nbsp; &nbsp; &nbsp; &nbsp;&nbsp;13643665388</span></p><p style=\"color: rgb(67, 67, 67); font-family: 微软雅黑; font-size: 13px; white-space: normal; background-color: rgb(255, 255, 255);\"><span style=\"font-family: 宋体; font-size: 16px;\"></span></p><p style=\"color: rgb(67, 67, 67); font-family: 微软雅黑; font-size: 13px; white-space: normal; background-color: rgb(255, 255, 255); text-align: right;\"><span style=\"font-family: 宋体; font-size: 16px;\">共青团四川大学委员会</span></p><p style=\"color: rgb(67, 67, 67); font-family: 微软雅黑; font-size: 13px; white-space: normal; background-color: rgb(255, 255, 255); text-align: right;\"><span style=\"font-family: 宋体; font-size: 16px;\">四川大学学生社团联合会</span></p><p style=\"color: rgb(67, 67, 67); font-family: 微软雅黑; font-size: 13px; white-space: normal; background-color: rgb(255, 255, 255); text-align: right;\"><span style=\"font-family: 宋体; font-size: 16px;\">2018年4月5日</span></p><p><br/></p>', 'aaa', '2018-04-10 17:21:03', null, '各学院团委：    为配合校团委2017-2018学年五四红旗分团委的评比工作，现向各学院团委收集从2017年5月至2018年4月期间学生社团工作部分的相关材料。请各学院以学院为单位，收集所属的学生社团（校级社团、院级社团、学术型社团）的评比材料，参照五四评比学生社团部分细则（附件一）、具体材料明细（附件二）、和材料模板（附件三及附件四）提交相关材料。    请各学院团委将评比材料纸质版文档提交至江安行政楼407办公室值班同学处，提交时间为4月8日—4月9日8:30——11:30，14:30——17：30，同时请于4月9日晚12点前将非学术型社团和学术型社团的电子版材料分别压缩后发至公邮scusauxs@163.com。 联系人：校团委                        林茂老师               028-85998669                        寿刘星老师               028-85401222                   校学生社团联合会                        袁麟同学             13547909074                        李文同学             17721870480                        陈佳星同学           13688457705                        王文昊同学           13643665388共青团四川大学委员会四川大学学生社团联合会2018年4月5日');
INSERT INTO `news` VALUES ('44', '55', '关于清明节放假期间学生社团相关工作的通知', '<p style=\"color: rgb(67, 67, 67); font-family: 微软雅黑; font-size: 13px; white-space: normal; background-color: rgb(255, 255, 255);\"><span style=\"font-family: 宋体, SimSun; font-size: 16px;\">各学院团委、各校内学生社团：</span></p><p style=\"color: rgb(67, 67, 67); font-family: 微软雅黑; font-size: 13px; white-space: normal; background-color: rgb(255, 255, 255);\"><span style=\"font-family: 宋体, SimSun; text-indent: 37px;\">&nbsp;&nbsp;&nbsp;&nbsp;<span style=\"font-size: 16px;\">为加强学生社团的管理，确保清明节放假期间社团学生人身安全以及公共财产安全，维护校园和谐稳定，现根据学校整体安排，对各学生社团作如下要求：</span></span></p><p style=\"color: rgb(67, 67, 67); font-family: 微软雅黑; font-size: 13px; white-space: normal; background-color: rgb(255, 255, 255);\"><span style=\"font-family: 宋体; text-indent: 37px;\">&nbsp;&nbsp;&nbsp;&nbsp;<span style=\"font-family: 宋体, SimSun; font-size: 16px;\">一、清明节假期期间（2018年4月5日至2018年4月7日）以社团名义开展活动须向校团委申请，经批准后方可开展。各社团不能以社团名义开展聚会、旅游、支教等集体外出活动；</span></span></p><p style=\"color: rgb(67, 67, 67); font-family: 微软雅黑; font-size: 13px; white-space: normal; background-color: rgb(255, 255, 255);\"><span style=\"font-family: 宋体, SimSun; text-indent: 37px;\">&nbsp;&nbsp;&nbsp;&nbsp;<span style=\"font-size: 16px;\">二、新闻媒体对学生社团进行采访报道须遵守学校宣传工作的相关要求，学生社团事前须报党委宣传部审批；</span></span></p><p style=\"color: rgb(67, 67, 67); font-family: 微软雅黑; font-size: 13px; white-space: normal; background-color: rgb(255, 255, 255);\"><span style=\"font-family: 宋体, SimSun; text-indent: 37px;\">&nbsp;&nbsp;&nbsp;<span style=\"font-size: 16px;\">&nbsp;三、请学生社团注意防火防盗，在放假前检查活动场地和办公室，确保门窗、水、电关好。</span></span></p><p style=\"color: rgb(67, 67, 67); font-family: 微软雅黑; font-size: 13px; white-space: normal; background-color: rgb(255, 255, 255);\"><span style=\"font-family: 宋体; text-indent: 37px;\">&nbsp;&nbsp;&nbsp;&nbsp;<span style=\"font-family: 宋体, SimSun; font-size: 16px;\">请学生社团认真遵守《四川大学学生社团管理办法（试行）》的相关规定，增强安全防范意识，严格遵守以上要求。请学院团委将相关工作要求及时传达给学生社团并做好在假期期间的服务和管理工作。</span></span></p><p><br/></p>', '222', '2018-04-10 17:21:35', null, '各学院团委、各校内学生社团：    为加强学生社团的管理，确保清明节放假期间社团学生人身安全以及公共财产安全，维护校园和谐稳定，现根据学校整体安排，对各学生社团作如下要求：    一、清明节假期期间（2018年4月5日至2018年4月7日）以社团名义开展活动须向校团委申请，经批准后方可开展。各社团不能以社团名义开展聚会、旅游、支教等集体外出活动；    二、新闻媒体对学生社团进行采访报道须遵守学校宣传工作的相关要求，学生社团事前须报党委宣传部审批；    三、请学生社团注意防火防盗，在放假前检查活动场地和办公室，确保门窗、水、电关好。    请学生社团认真遵守《四川大学学生社团管理办法（试行）》的相关规定，增强安全防范意识，严格遵守以上要求。请学院团委将相关工作要求及时传达给学生社团并做好在假期期间的服务和管理工作。');
INSERT INTO `news` VALUES ('45', '54', '关于11月14日市场营销协会违规活动的处理办法', '<p style=\"color: rgb(67, 67, 67); font-family: 微软雅黑; font-size: 13px; white-space: normal; background-color: rgb(255, 255, 255); line-height: 19.5px; text-indent: 32px;\"><span style=\"background-image: initial; background-position: initial; background-size: initial; background-repeat: initial; background-attachment: initial; background-origin: initial; background-clip: initial; color: rgb(0, 0, 0); line-height: 24px; font-family: 宋体, SimSun; font-size: 16px;\">2017年11月14日，市场营销协会在江安校区青春广场进行某出国培训机构的营销推广活动。上述行为已违反《四川大学学生社团管理条例》第六章第二十条第一项。经校学生社团联合会研究，并报校团委、指导单位决定：</span></p><p style=\"color: rgb(67, 67, 67); font-family: 微软雅黑; font-size: 13px; white-space: normal; background-color: rgb(255, 255, 255); line-height: 19.5px; text-indent: 32px;\"><span style=\"font-family: 宋体, SimSun; font-size: 16px;\"><span style=\"background-image: initial; background-position: initial; background-size: initial; background-repeat: initial; background-attachment: initial; background-origin: initial; background-clip: initial; color: rgb(0, 0, 0); line-height: 24px;\"></span><span style=\"background-image: initial; background-position: initial; background-size: initial; background-repeat: initial; background-attachment: initial; background-origin: initial; background-clip: initial; color: rgb(0, 0, 0); font-family: 宋体;\">1.&nbsp;对市场营销协会进行通报批评，于五日内向学生社团联合会和指导学院作出说明和书面检讨；</span></span></p><p style=\"color: rgb(67, 67, 67); font-family: 微软雅黑; font-size: 13px; white-space: normal; background-color: rgb(255, 255, 255); line-height: 19.5px; text-indent: 32px;\"><span style=\"background-image: initial; background-position: initial; background-size: initial; background-repeat: initial; background-attachment: initial; background-origin: initial; background-clip: initial; color: rgb(0, 0, 0); font-family: 宋体; font-size: 16px;\">2.&nbsp;市场营销协会本学期内停止举办一切活动，停办活动期间组织社团成员认真学习《四川大学学生社团管理条例》内容；</span></p><p style=\"color: rgb(67, 67, 67); font-family: 微软雅黑; font-size: 13px; white-space: normal; background-color: rgb(255, 255, 255); line-height: 19.5px; text-indent: 32px;\"><span style=\"background-image: initial; background-position: initial; background-size: initial; background-repeat: initial; background-attachment: initial; background-origin: initial; background-clip: initial; color: rgb(0, 0, 0); font-family: 宋体; font-size: 16px;\">3.&nbsp;取消市场营销协会“2017-2018学年十佳学生社团”参评资格；</span></p><p style=\"color: rgb(67, 67, 67); font-family: 微软雅黑; font-size: 13px; white-space: normal; background-color: rgb(255, 255, 255); line-height: 19.5px; text-indent: 32px;\"><span style=\"background-image: initial; background-position: initial; background-size: initial; background-repeat: initial; background-attachment: initial; background-origin: initial; background-clip: initial; color: rgb(0, 0, 0); font-family: 宋体, SimSun; font-size: 16px;\">4.&nbsp;市场营销协会会长高铨鸿2017-2018学年内任职的主要学生干部考核不合格，不予发放任职证明。</span></p><p style=\"color: rgb(67, 67, 67); font-family: 微软雅黑; font-size: 13px; white-space: normal; background-color: rgb(255, 255, 255); line-height: 19.5px; text-indent: 32px;\"><span style=\"background-image: initial; background-position: initial; background-size: initial; background-repeat: initial; background-attachment: initial; background-origin: initial; background-clip: initial; color: rgb(0, 0, 0); line-height: 24px; font-family: 宋体, SimSun; font-size: 16px;\">望广大学生社团严格按照相关规章、制度开展活动，共同营造积极、健康的校园文化氛围。</span></p><p style=\"color: rgb(67, 67, 67); font-family: 微软雅黑; font-size: 13px; white-space: normal; background-color: rgb(255, 255, 255); margin: 1em 14px 1em 56px; text-align: right; line-height: 19.5px;\"><span style=\"font-family: 宋体, SimSun; font-size: 16px;\"><span style=\"background-image: initial; background-position: initial; background-size: initial; background-repeat: initial; background-attachment: initial; background-origin: initial; background-clip: initial; color: rgb(0, 0, 0); font-family: 宋体;\">校团委&nbsp;&nbsp;&nbsp;&nbsp;&nbsp;</span><span style=\"color: rgb(0, 0, 0); font-family: 宋体;\"><br/></span><span style=\"background-image: initial; background-position: initial; background-size: initial; background-repeat: initial; background-attachment: initial; background-origin: initial; background-clip: initial; color: rgb(0, 0, 0); font-family: 宋体;\">2017年11月29日</span></span></p><p><br/></p>', 'aaa', '2018-04-10 17:22:15', null, '2017年11月14日，市场营销协会在江安校区青春广场进行某出国培训机构的营销推广活动。上述行为已违反《四川大学学生社团管理条例》第六章第二十条第一项。经校学生社团联合会研究，并报校团委、指导单位决定：1. 对市场营销协会进行通报批评，于五日内向学生社团联合会和指导学院作出说明和书面检讨；2. 市场营销协会本学期内停止举办一切活动，停办活动期间组织社团成员认真学习《四川大学学生社团管理条例》内容；3. 取消市场营销协会“2017-2018学年十佳学生社团”参评资格；4. 市场营销协会会长高铨鸿2017-2018学年内任职的主要学生干部考核不合格，不予发放任职证明。望广大学生社团严格按照相关规章、制度开展活动，共同营造积极、健康的校园文化氛围。校团委     2017年11月29日');
INSERT INTO `news` VALUES ('46', '53', '关于四川大学学生社团校园文化建设精品项目申报的通知', '<p style=\"color: rgb(67, 67, 67); font-family: 微软雅黑; font-size: 13px; white-space: normal; background-color: rgb(255, 255, 255); margin-bottom: 0px; text-align: justify; line-height: 19.5px;\"><span style=\"line-height: 24px; font-family: 宋体, SimSun; font-size: 16px;\">各学院团委、校院级学生社团：</span></p><p style=\"color: rgb(67, 67, 67); font-family: 微软雅黑; font-size: 13px; white-space: normal; background-color: rgb(255, 255, 255); margin-bottom: 0px; text-align: justify; line-height: 19.5px;\"><span style=\"text-indent: 37px; font-family: 宋体, SimSun; font-size: 16px;\">&nbsp;&nbsp;&nbsp;&nbsp;为深入发掘学生兴趣及特长，提升学生社团活动的品位和层次，进一步加强学生社团品牌项目建设，营造出和谐繁荣的校园文化氛围，校团委将在全校范围内开展学生社团校园文化建设精品项目的申报工作。现将有关事项通知如下：</span></p><p style=\"color: rgb(67, 67, 67); font-family: 微软雅黑; font-size: 13px; white-space: normal; background-color: rgb(255, 255, 255); margin-bottom: 0px; text-align: justify; line-height: 19.5px;\"><span style=\"line-height: 24px; font-family: 宋体, SimSun; font-size: 16px;\">1.学生社团申报的项目原则上是体现社团风采、已长期开展并深受同学们喜爱的，立志打造成社团品牌的特色活动。</span></p><p style=\"color: rgb(67, 67, 67); font-family: 微软雅黑; font-size: 13px; white-space: normal; background-color: rgb(255, 255, 255); margin-bottom: 0px; text-align: justify; line-height: 19.5px;\"><span style=\"line-height: 24px; font-family: 宋体, SimSun; font-size: 16px;\">2.请各学院团委（学校部处）在接到通知后积极根据由本单位指导的学生社团特点，审核其是否为质量良好的学生社团活动及其是否在全校师生中有较高的影响力和覆盖率，要加强对申报项目资格的审查，认真做好初选工作。</span></p><p style=\"color: rgb(67, 67, 67); font-family: 微软雅黑; font-size: 13px; white-space: normal; background-color: rgb(255, 255, 255); margin-bottom: 0px; text-align: justify; line-height: 19.5px;\"><span style=\"line-height: 24px; font-family: 宋体, SimSun; font-size: 16px;\">3.请各学院团委（学校部处）将项目申请表的电子文档统一收集后，做好校、院级社团分类并按校、院级分开建立文件夹，再打包成一个总文件夹，<a href=\"mailto:%E4%BB%A5%E5%AD%A6%E9%99%A2%E4%B8%BA%E5%8D%95%E4%BD%8D%E4%BA%8E2017%E5%B9%B412%E6%9C%8824%E6%97%A524%E7%82%B9%E5%89%8D%E5%8F%91%E9%80%81%E8%87%B3SCUSAUcwb2017@126.com\" style=\"text-decoration-line: none; color: rgb(93, 93, 93);\">以学院为单位于2017年12月8日24点前发送至社团联公邮scu_sau@163.com</a>，邮件主题命名为“精品项目+指导单位名称+学院社团工作负责人姓名及联系方式”。（注：将附件一申请表的纸质版盖章后于申报期间交到江安校区行政楼407校团委办公室，纸质版申请表还需拍照后将照片附在申请材料里一起发至公邮）</span></p><p style=\"color: rgb(67, 67, 67); font-family: 微软雅黑; font-size: 13px; white-space: normal; background-color: rgb(255, 255, 255); margin-bottom: 0px; text-align: justify; line-height: 19.5px;\"><span style=\"line-height: 24px; font-family: 宋体, SimSun; font-size: 16px;\">4.校团委将对参选项目进行评审，最终评审出一批学生社团的精品项目，并发放经费以鼓励活动开展。</span></p><p style=\"color: rgb(67, 67, 67); font-family: 微软雅黑; font-size: 13px; white-space: normal; background-color: rgb(255, 255, 255); margin-bottom: 0px; text-align: justify; line-height: 19.5px;\"><span style=\"line-height: 24px; font-family: 宋体, SimSun; font-size: 16px;\">5.本次学生社团校园文化建设精品项目的申报依据自愿申报原则，每个社团原则上限报一项，采取本学年内一次性申报的原则执行。</span></p><p style=\"color: rgb(67, 67, 67); font-family: 微软雅黑; font-size: 13px; white-space: normal; background-color: rgb(255, 255, 255); margin-bottom: 0px; text-align: justify; line-height: 19.5px;\"><span style=\"line-height: 24px; font-family: 宋体, SimSun; font-size: 16px;\">&nbsp;</span></p><p style=\"color: rgb(67, 67, 67); font-family: 微软雅黑; font-size: 13px; white-space: normal; background-color: rgb(255, 255, 255); margin-bottom: 0px; text-align: justify; line-height: 19.5px;\"><span style=\"line-height: 24px; font-family: 宋体, SimSun; font-size: 16px;\">注：院团委意见电脑录入即可，校团委意见由社团联财务部统一代办。</span></p><p style=\"color: rgb(67, 67, 67); font-family: 微软雅黑; font-size: 13px; white-space: normal; background-color: rgb(255, 255, 255); margin-bottom: 0px; text-align: justify; line-height: 19.5px;\"><span style=\"line-height: 24px; font-family: 宋体, SimSun; font-size: 16px;\">&nbsp;</span></p><p style=\"color: rgb(67, 67, 67); font-family: 微软雅黑; font-size: 13px; white-space: normal; background-color: rgb(255, 255, 255); margin-bottom: 0px; text-align: justify; line-height: 19.5px;\"><span style=\"line-height: 24px; font-family: 宋体, SimSun; font-size: 16px;\">如有疑问请咨询：</span></p><p style=\"color: rgb(67, 67, 67); font-family: 微软雅黑; font-size: 13px; white-space: normal; background-color: rgb(255, 255, 255); margin-bottom: 0px; line-height: 19.5px;\"><span style=\"line-height: 24px; font-family: 宋体, SimSun; font-size: 16px;\">联系人：校团委寿老师 &nbsp; &nbsp; &nbsp; &nbsp; &nbsp; &nbsp; &nbsp; 028-85401222 &nbsp;&nbsp;</span></p><p style=\"color: rgb(67, 67, 67); font-family: 微软雅黑; font-size: 13px; white-space: normal; background-color: rgb(255, 255, 255); margin-bottom: 0px; line-height: 19.5px;\"><span style=\"text-indent: 75px; font-family: 宋体, SimSun; font-size: 16px;\">&nbsp; &nbsp; &nbsp; &nbsp; 学生社团联合会 袁麟同学&nbsp;&nbsp;&nbsp; 13547909074</span></p><p style=\"color: rgb(67, 67, 67); font-family: 微软雅黑; font-size: 13px; white-space: normal; background-color: rgb(255, 255, 255); margin-bottom: 0px; line-height: 19.5px;\"><span style=\"text-indent: 205px; font-family: 宋体, SimSun; font-size: 16px;\">&nbsp; &nbsp; &nbsp; &nbsp; &nbsp; &nbsp; &nbsp; &nbsp; &nbsp; &nbsp; &nbsp; &nbsp;郑煜凡同学 &nbsp;18090355656</span></p><p style=\"color: rgb(67, 67, 67); font-family: 微软雅黑; font-size: 13px; white-space: normal; background-color: rgb(255, 255, 255); margin-bottom: 0px; text-align: right; text-indent: 205px; line-height: 19.5px;\"><span style=\"line-height: 24px; font-family: 宋体, SimSun; font-size: 16px;\">&nbsp;</span></p><p style=\"color: rgb(67, 67, 67); font-family: 微软雅黑; font-size: 13px; white-space: normal; background-color: rgb(255, 255, 255); margin-bottom: 0px; text-align: right; text-indent: 205px; line-height: 19.5px;\"><span style=\"line-height: 24px; font-family: 宋体, SimSun; font-size: 16px;\">&nbsp;</span></p><p style=\"color: rgb(67, 67, 67); font-family: 微软雅黑; font-size: 13px; white-space: normal; background-color: rgb(255, 255, 255); margin-bottom: 0px; text-align: right; text-indent: 205px; line-height: 19.5px;\"><span style=\"line-height: 24px; font-family: 宋体, SimSun; font-size: 16px;\">&nbsp;</span></p><p style=\"color: rgb(67, 67, 67); font-family: 微软雅黑; font-size: 13px; white-space: normal; background-color: rgb(255, 255, 255); margin-bottom: 0px; text-align: right; text-indent: 205px; line-height: 19.5px;\"><span style=\"line-height: 24px; font-family: 宋体, SimSun; font-size: 16px;\">校团委</span></p><p style=\"color: rgb(67, 67, 67); font-family: 微软雅黑; font-size: 13px; white-space: normal; background-color: rgb(255, 255, 255); margin-bottom: 0px; text-align: right; text-indent: 205px; line-height: 19.5px;\"><span style=\"line-height: 24px; font-family: 宋体, SimSun; font-size: 16px;\">校学生社团联合会</span></p><p style=\"color: rgb(67, 67, 67); font-family: 微软雅黑; font-size: 13px; white-space: normal; background-color: rgb(255, 255, 255); margin-bottom: 0px; text-align: right; text-indent: 205px; line-height: 19.5px;\"><span style=\"line-height: 24px; font-family: 宋体, SimSun; font-size: 16px;\">2017年11月29日</span></p><p><br/></p>', 'asd', '2018-04-10 17:22:44', null, '各学院团委、校院级学生社团：    为深入发掘学生兴趣及特长，提升学生社团活动的品位和层次，进一步加强学生社团品牌项目建设，营造出和谐繁荣的校园文化氛围，校团委将在全校范围内开展学生社团校园文化建设精品项目的申报工作。现将有关事项通知如下：1.学生社团申报的项目原则上是体现社团风采、已长期开展并深受同学们喜爱的，立志打造成社团品牌的特色活动。2.请各学院团委（学校部处）在接到通知后积极根据由本单位指导的学生社团特点，审核其是否为质量良好的学生社团活动及其是否在全校师生中有较高的影响力和覆盖率，要加强对申报项目资格的审查，认真做好初选工作。3.请各学院团委（学校部处）将项目申请表的电子文档统一收集后，做好校、院级社团分类并按校、院级分开建立文件夹，再打包成一个总文件夹，以学院为单位于2017年12月8日24点前发送至社团联公邮scu_sau@163.com，邮件主题命名为“精品项目+指导单位名称+学院社团工作负责人姓名及联系方式”。（注：将附件一申请表的纸质版盖章后于申报期间交到江安校区行政楼407校团委办公室，纸质版申请表还需拍照后将照片附在申请材料里一起发至公邮）4.校团委将对参选项目进行评审，最终评审出一批学生社团的精品项目，并发放经费以鼓励活动开展。5.本次学生社团校园文化建设精品项目的申报依据自愿申报原则，每个社团原则上限报一项，采取本学年内一次性申报的原则执行。 注：院团委意见电脑录入即可，校团委意见由社团联财务部统一代办。 如有疑问请咨询：联系人：校团委寿老师               028-85401222           学生社团联合会 袁麟同学    13547909074                       郑煜凡同学  18090355656   校团委校学生社团联合会2017年11月29日');
INSERT INTO `news` VALUES ('47', '53', '关于中秋节、国庆节期间学生社团相关工作的通知', '<p style=\"color: rgb(67, 67, 67); font-family: 微软雅黑; font-size: 13px; white-space: normal; background-color: rgb(255, 255, 255); line-height: 19.5px;\"><span style=\"line-height: 24px; font-family: 宋体, SimSun; font-size: 16px;\">各学院团委、校内学生社团:&nbsp;</span></p><p style=\"color: rgb(67, 67, 67); font-family: 微软雅黑; font-size: 13px; white-space: normal; background-color: rgb(255, 255, 255); text-indent: 32px; line-height: 19.5px; text-align: justify;\"><span style=\"font-family: 宋体, SimSun; font-size: 16px;\">为加强学生社团的管理，确保中秋节、国庆节放假期间社团学生人身安全以及公共财产安全，维持校园和谐稳定，现根据学校整体安排，对各学生社团作如下要求：</span></p><p style=\"color: rgb(67, 67, 67); font-family: 微软雅黑; font-size: 13px; white-space: normal; background-color: rgb(255, 255, 255); text-indent: 32px; line-height: 19.5px; text-align: justify;\"><span style=\"line-height: 24px; font-family: 宋体; font-size: 16px;\">一、中秋节、国庆节假期期间（2017年10月1日至2017年10月8日）以社团名义开展活动须向校团委申请，经批准后方可开展。各社团不能以社团名义开展聚会、旅游、支教等集体外出活动；</span></p><p style=\"color: rgb(67, 67, 67); font-family: 微软雅黑; font-size: 13px; white-space: normal; background-color: rgb(255, 255, 255); text-indent: 32px; line-height: 19.5px; text-align: justify;\"><span style=\"line-height: 24px; font-family: 宋体; font-size: 16px;\">二、新闻媒体对学生社团进行采访报道须遵守学校宣传工作的相关要求，学生社团事前须报党委宣传部审批；</span></p><p style=\"color: rgb(67, 67, 67); font-family: 微软雅黑; font-size: 13px; white-space: normal; background-color: rgb(255, 255, 255); text-indent: 32px; line-height: 19.5px; text-align: justify;\"><span style=\"line-height: 24px; font-family: 宋体, SimSun; font-size: 16px;\">三、请学生社团注意防火防盗，在放假前检查活动场地和办公室，确保门窗、水、电关好。</span></p><p style=\"color: rgb(67, 67, 67); font-family: 微软雅黑; font-size: 13px; white-space: normal; background-color: rgb(255, 255, 255); text-indent: 32px; line-height: 19.5px; text-align: justify;\"><span style=\"line-height: 24px; font-family: 宋体, SimSun; font-size: 16px;\">请学生社团认真遵守《四川大学学生社团管理条例》的相关规定，增强安全防范意识，严格遵守以上要求。请学院团委将相关工作要求及时传达给学生社团并做好在假期期间的管理和服务工作。</span></p><p style=\"color: rgb(67, 67, 67); font-family: 微软雅黑; font-size: 13px; white-space: normal; background-color: rgb(255, 255, 255); text-indent: 32px; line-height: 19.5px; text-align: justify;\"><span style=\"line-height: 24px; font-family: 宋体, SimSun; font-size: 16px;\">祝同学们假期愉快！</span></p><p><br/></p>', 'aaa', '2018-04-10 17:23:14', null, '各学院团委、校内学生社团: 为加强学生社团的管理，确保中秋节、国庆节放假期间社团学生人身安全以及公共财产安全，维持校园和谐稳定，现根据学校整体安排，对各学生社团作如下要求：一、中秋节、国庆节假期期间（2017年10月1日至2017年10月8日）以社团名义开展活动须向校团委申请，经批准后方可开展。各社团不能以社团名义开展聚会、旅游、支教等集体外出活动；二、新闻媒体对学生社团进行采访报道须遵守学校宣传工作的相关要求，学生社团事前须报党委宣传部审批；三、请学生社团注意防火防盗，在放假前检查活动场地和办公室，确保门窗、水、电关好。请学生社团认真遵守《四川大学学生社团管理条例》的相关规定，增强安全防范意识，严格遵守以上要求。请学院团委将相关工作要求及时传达给学生社团并做好在假期期间的管理和服务工作。祝同学们假期愉快！');

-- ----------------------------
-- Table structure for user
-- ----------------------------
DROP TABLE IF EXISTS `user`;
CREATE TABLE `user` (
  `id` int(11) NOT NULL AUTO_INCREMENT,
  `username` varchar(30) NOT NULL,
  `password` varchar(30) NOT NULL,
  `sex` varchar(2) DEFAULT NULL,
  `email` varchar(30) DEFAULT NULL,
  `statu` int(2) NOT NULL,
  `assoId` int(11) DEFAULT NULL,
  PRIMARY KEY (`id`),
  KEY `f_k` (`assoId`),
  CONSTRAINT `f_k` FOREIGN KEY (`assoId`) REFERENCES `asso` (`id`) ON DELETE SET NULL ON UPDATE SET NULL
) ENGINE=InnoDB AUTO_INCREMENT=28 DEFAULT CHARSET=utf8;

-- ----------------------------
-- Records of user
-- ----------------------------
INSERT INTO `user` VALUES ('1', 'zhangsan', '1112', '男', '110112', '1', '1');
INSERT INTO `user` VALUES ('3', '王五', '3333', '女', '546156', '1', '1');
INSERT INTO `user` VALUES ('4', 'zais', '2221', '男', '范德萨', '1', '3');
INSERT INTO `user` VALUES ('5', '111', '111', '女', '2211@qq.com', '1', '26');
INSERT INTO `user` VALUES ('6', '1112', '1234566666', '女', '123456@qq.com', '1', '29');
INSERT INTO `user` VALUES ('7', '111123', '111112', '女', '111222@qq.com', '1', '13');
INSERT INTO `user` VALUES ('8', '2223', '222222', '男', '222@qq.com', '1', '13');
INSERT INTO `user` VALUES ('9', '123', '123123', '男', '1234156@qq.com', '1', '13');
INSERT INTO `user` VALUES ('10', '255', '255255', '女', '255@qq.com', '1', '13');
INSERT INTO `user` VALUES ('11', '224', '224224', '女', '224@gd.com', '1', '13');
INSERT INTO `user` VALUES ('13', '2222', '222222', '男', '228@gd.com', '1', '13');
INSERT INTO `user` VALUES ('15', '123321', '123321', '女', '123321@qq.com', '1', '13');
INSERT INTO `user` VALUES ('16', '1233', '1233', '女', '12333@qq.com', '1', '13');
INSERT INTO `user` VALUES ('17', '1244', '1244', '男', '1244@qq.com', '1', '13');
INSERT INTO `user` VALUES ('18', '124', '124', '男', '124@qq.com', '0', '32');
INSERT INTO `user` VALUES ('19', '123456', '123456', '女', '12345678@qq.com', '0', '23');
INSERT INTO `user` VALUES ('21', '网', '111', '男', '11111@qq.com', '0', '28');
INSERT INTO `user` VALUES ('22', '2瓦', '1111', '男', '11@qq.com', '0', '30');
INSERT INTO `user` VALUES ('23', '147', '147', '男', 'fd@qq.com', '1', '13');
INSERT INTO `user` VALUES ('24', '22222', '22222', '男', '22222@oo.com', '0', '13');
INSERT INTO `user` VALUES ('26', '33333', '33333', '男', '33333@qq.com', '0', '13');
INSERT INTO `user` VALUES ('27', '112', '112', '男', '1222@qq.com', '1', '23');
SET FOREIGN_KEY_CHECKS=1;
